Ailes cassées;Aile;;01;17;2021;00;57;40;;11 kamas/u.;;;
Ailes de Moskito;Aile;2;01;17;2021;00;57;44;;2895 kamas/u.;2 300;23 995;300 000
Aile du Tofu Maléfique;Aile;3;01;17;2021;00;57;48;;2629 kamas/u.;2 695;22 000;273 500
Ailes de Moskito;Aile;2;01;17;2021;00;57;53;;2895 kamas/u.;2 300;23 995;300 000
Aile du Tofu Maléfique;Aile;3;01;17;2021;00;57;57;;2629 kamas/u.;2 695;22 000;273 500
Aile de Dragodinde Rousse Sauvage;Aile;29;01;17;2021;00;58;01;;347 kamas/u.;199;6 799;32 999
Aile de Dragodinde;Aile;29;01;17;2021;00;58;05;;370 kamas/u.;399;3 899;28 999
Ailes de Scarafeuille rouge;Aile;32;01;17;2021;00;58;09;;1217 kamas/u.;499;19 500;99 198
Ailes de Scarafeuille vert;Aile;32;01;17;2021;00;58;13;;455 kamas/u.;;;49 996
Ailes de Scarafeuille bleu;Aile;32;01;17;2021;00;58;17;;1366 kamas/u.;495;13 800;135 000
Ailes du Scarafeuille Noir;Aile;;01;17;2021;00;58;20;;546 kamas/u.;;5 694;56 978
Ailes du Scarafeuille Noir;Aile;40;01;17;2021;00;58;24;;546 kamas/u.;;eho);56 978
Ailes du Scarabosse Dore;Aile;70;01;17;2021;00;58;28;;40451 kamas/u.;43 887;409 999;
_Aile de Dragoeuf Volant;Aile;80;01;17;2021;00;58;32;;1384 kamas/u.;1 000;10 000;100 000
Aile du Bitouf des plaines;Aile;80;01;17;2021;00;58;35;;92 kamas/u.;50;1196;7 000
Carapace de Scaratos;Carapace;1;01;17;2021;00;58;44;;698 kamas/u.;;6 500;64 499
Carapace vide de Crabe;Carapace;4;01;17;2021;00;58;48;;953 kamas/u.;900;12 000;
Carapace Jaune Vide;Carapace;24;01;17;2021;00;58;52;;1153 kamas/u.;;;99 950
Carapace vide de Crabe;Carapace;4;01;17;2021;00;58;58;;953 kamas/u.;900;12 000;
Carapace Jaune Vide;Carapace;;01;17;2021;00;59;01;;1153 kamas/u.;;;99 950
Carapace Bleue Vide;Carapace;24;01;17;2021;00;59;05;;846 kamas/u.;;;99 950
Carapace Rouge Vide;Carapace;24;01;17;2021;00;59;10;;1084 kamas/u.;;;99 950
Carapace Verte Vide;Carapace;24;01;17;2021;00;59;14;;1028 kamas/u.;938;7 495;99 950
Carapace de Scarafeuille Vert;Carapace;32;01;17;2021;00;59;17;;41 kamas/u.;35;298;6 999
Carapace de Scarafeuille Blanc;Carapace;32;01;17;2021;00;59;21;;496 kamas/u.;1199;9999;119 997
Carapace de Scarafeuille Rouge;Carapace;32;01;17;2021;00;59;25;;1663 kamas/u.;2 990;19 998;175 553
Carapace de Scarafeuille Rouge;Carapace;32;01;17;2021;00;59;29;;1663 kamas/u.;2 990;19 998;175 553
Carapace de Scorbute;Carapace;36;01;17;2021;00;59;32;;2869 kamas/u.;2 998;25 555;278 999
Carapace de Scarafeuille Noir;Carapace;40;01;17;2021;00;59;36;;3842 kamas/u.;4 000;44 990;399 999
Carapace du Scarabosse Doré;Carapace;70;01;17;2021;00;59;40;;18673 kamas/u.;PAH =}°) 5};239 999;
Coquille de Dragoss Dore;Coquille;50;01;17;2021;00;59;48;;1113 kamas/u.;690;8 498;79 999
Coquille de Dragoss Noir;Coquille;50;01;17;2021;00;59;52;;1308 kamas/u.;498;8 000;
Coquille de Dragoss Blanc;Coquille;50;01;17;2021;00;59;56;;1051 kamas/u.;sys al;10 000;99 999
Coquille de Dragoss de Saphir;Coquille;50;01;17;2021;01;00;01;;1192 kamas/u.;900;9 900;40 000
Coquille de Dragoeuf Noir;Coquille;64;01;17;2021;01;00;05;;7574 kamas/u.;7990;65 000;899 999
Coquille de Dragoeuf Blanc;Coquille;64;01;17;2021;01;00;08;;243 kamas/u.;200;2 699;24 999
Coquille de Dragoeuf Noir;Coquille;64;01;17;2021;01;00;13;;7574 kamas/u.;7990;65 000;899 999
Coquille de Dragoeuf Blanc;Coquille;64;01;17;2021;01;00;16;;243 kamas/u.;200;2 699;24 999
Coquille de Dragoeuf Dore;Coquille;64;01;17;2021;01;00;20;;2161 kamas/u.;1 800;15 887;299 999
Coquille de Dragoeuf Saphir;Coquille;64;01;17;2021;01;00;24;;2679 kamas/u.;2 499;28 888;299 999
Protection de la Dragueuse;Coquille;70;01;17;2021;01;00;28;;2051 kamas/u.;1 499;9 000;
| Fragment de Coquille d'Ignelicrobur le Gue...;Coquille;80;01;17;2021;01;00;32;;17837 kamas/u.;14 000;149 000;1 480 000
Fragment de Coquille d'Aquabralak le Guet..;Coquille;80;01;17;2021;01;00;36;;19205 kamas/u.;be ee!;224 000;
Fragment de Coquille de Terrakoubiak le G..;Coquille;80;01;17;2021;01;00;39;;24994 kamas/u.;24 000;199 999;
Fragment de Coquille de Terrakoubiak le G..;Coquille;80;01;17;2021;01;00;43;;24994 kamas/u.;24 000;199 999;
Coco du Bitouf aerien;Coquille;110;01;17;2021;01;00;47;;24706 kamas/Uu.;29 499;222 221;
| Coquille du Kaskargo;Coquille;110;01;17;2021;01;00;50;;10390 kamas/u.;22 498;99 990;899 998
Coco du Bitouf sombre;Coquille;120;01;17;2021;01;00;54;;9958 kamas/u.;;eh} });900 000
Cuir du Boufcoul;Cuir;1;01;17;2021;01;01;03;;1000 kamas/u.;440;9 500;98 885
Cuir de Boufton Blanc;Cuir;2;01;17;2021;01;01;07;;228 kamas/u.;249;1 899;22 199
Cuir de Boufton Noir;Cuir;;01;17;2021;01;01;11;;139 kamas/u.;;850;13 948
Cuir de Bouftou;Cuir;9;01;17;2021;01;01;16;;19 kamas/u.;668;250;2999
Cuir de Sanglier;Cuir;;01;17;2021;01;01;19;;386 kamas/u.;;4997;38 999
Slip en Cuir Moulant du Vampire;Cuir;15;01;17;2021;01;01;23;;2544 kamas/u.;11 000;28 000;
Slip en cuir de Porkass;Cuir;18;01;17;2021;01;01;27;;7376 kamas/u.;9 000;;
Cuir du Cochon de Lait;Cuir;18;01;17;2021;01;01;31;;737 kamas/u.;;5 000;79 999
Cuir du Chef de Guerre Bouftou;Cuir;19;01;17;2021;01;01;35;;114 kamas/u.;100;1 950;11995
Slip en cuir de Cochon de Lait;Cuir;20;01;17;2021;01;01;39;;3094 kamas/u.;2 398;;
Slip de Bwork Archer;Cuir;23;01;17;2021;01;01;43;;78 kamas/u.;80;799;7 249
Cuir Violet de Bwork;Cuir;31;01;17;2021;01;01;47;;420 kamas/u.;;7 000;39 999
Slip de Bwork Archer;Cuir;23;01;17;2021;01;01;51;;78 kamas/u.;80;799;7 249
Cuir Violet de Bwork;Cuir;31;01;17;2021;01;01;55;;420 kamas/u.;;7 000;39 999
Cuir de Bouftou Royal;Cuir;35;01;17;2021;01;01;59;;1802 kamas/u.;1 450;20 000;296 999
Cuir de Porkass;Cuir;40;01;17;2021;01;02;03;;151 kamas/u.;550;2 500;15 000
Selle en Cuir;Cuir;40;01;17;2021;01;02;07;;12323 kamas/u.;11 998;;
Cuir du Dragon Cochon;Cuir;70;01;17;2021;01;02;10;;10281 kamas/u.;;ne B}°));990 000
Cuir Noir;Cuir;74;01;17;2021;01;02;14;;23276 kamas/u.;23 200;269 000;
Cuir de Mominotor;Cuir;100;01;17;2021;01;02;18;;1467 kamas/u.;pec hf);9999;15 555
Cuir de Mominotor;Cuir;100;01;17;2021;01;02;22;;1467 kamas/u.;pec hf);9999;15 555
Cuir du Minotot;Cuir;100;01;17;2021;01;02;25;;6894 kamas/u.;3 500;39 999;550 000
-Cuir de Déminoboule;Cuir;100;01;17;2021;01;02;29;;111 kamas/u.;200;900;4 000
Cuir de Minotoror;Cuir;125;01;17;2021;01;02;32;;3636 kamas/u.;3 500;14 999;199 998
Etoffe du Fauchalak;Etoffe;1;01;17;2021;01;02;41;;7990 kamas/u.;3 699;69 999;
Etoffe du Sanglier;Etoffe;13;01;17;2021;01;02;45;;228 kamas/u.;219;2 189;11 000
Tissu Sanguin;Etoffe;15;01;17;2021;01;02;49;;8331 kamas/u.;10 000;85 000;
Etoffe du Prespic;Etoffe;17;01;17;2021;01;02;54;;331 kamas/u.;;29 999;
Etoffe du Wabbit;Etoffe;18;01;17;2021;01;02;58;;663 kamas/u.;650;6 899;69 995
Etoffe de Croc Gland;Etoffe;19;01;17;2021;01;03;01;;7020 kamas/u.;4999;;
Tissu Invisible;Etoffe;23;01;17;2021;01;03;06;;2904 kamas/u.;2799;31 000;
Tissu Pourpre;Etoffe;23;01;17;2021;01;03;09;;102 kamas/u.;500;3 000;3999
Etoffe de Dok Alako;Etoffe;40;01;17;2021;01;03;13;;1228 kamas/u.;2 899;12 530;121 123
Etoffe de Pandikaze;Etoffe;40;01;17;2021;01;03;17;;7047 kamas/u.;isp }o});49 000;560 000
Etoffe de Sanglier des Plaines;Etoffe;44;01;17;2021;01;03;21;;428 kamas/u.;888;3 999;
Fibre de Chanvre;Etoffe;46;01;17;2021;01;03;25;;106 kamas/u.;;1 000;3 443
Fibre de Lin;Etoffe;46;01;17;2021;01;03;29;;36 kamas/u.;;500;3 000
Tissu Sombre;Etoffe;50;01;17;2021;01;03;33;;1109 kamas/u.;;9 999;99 999
Linceul;Etoffe;65;01;17;2021;01;03;37;;3840 kamas/u.;3 500;36 000;380 000
Etoffe de Kanigrou;Etoffe;70;01;17;2021;01;03;41;;689 kamas/u.;700;5 200;67 888
Etoffe du Mulou;Etoffe;70;01;17;2021;01;03;45;;31402 kamas/u.;39 000;;
Etoffe de Ouassingue;Etoffe;80;01;17;2021;01;03;49;;1057 kamas/u.;;13 500;100 000
Etoffe du Rat Blanc;Etoffe;100;01;17;2021;01;03;53;;33467 kamas/u.;32 500;;
Etoffe de Fant6me Pandore;Etoffe;100;01;17;2021;01;03;57;;12082 kamas/u.;9 499;94 994;
Etoffe du Wa Wabbit;Etoffe;100;01;17;2021;01;04;00;;15100 kamas/u.;19 940;119 776;
Etoffe de Fant6me Léopardo;Etoffe;100;01;17;2021;01;04;05;;26796 kamas/Uu.;30 000;270 000;
Etoffe de Fant6me Pandikaze;Etoffe;100;01;17;2021;01;04;08;;5433 kamas/u.;7990;49 998;399 998
Etoffe du Rat Noir;Etoffe;100;01;17;2021;01;04;12;;139 kamas/u.;100;1 000;13 800
Etoffe de Pandule;Etoffe;100;01;17;2021;01;04;16;;45439 kamas/u.;45 499;499 800;
Etoffe de Fant6me Maho Firefoux;Etoffe;100;01;17;2021;01;04;20;;5574 kamas/u.;2 990;33 998;499 995
Etoffe de Fant6me Yokai Firefoux;Etoffe;100;01;17;2021;01;04;23;;13844 kamas/u.;9 998;99 998;
Etoffe de Maitre Pandore;Etoffe;100;01;17;2021;01;04;28;;526419 kamas/u.;448 900;;
Etoffe de Fant6me Tanukoui San;Etoffe;100;01;17;2021;01;04;31;;46946 kamas/u.;38 999;479 999;
Etoffe de Fant6me Soryo Firefoux;Etoffe;100;01;17;2021;01;04;35;;39241 kamas/u.;37 900;389 949;
Etoffe de Fant6me Pandule;Etoffe;100;01;17;2021;01;04;39;;4205 kamas/u.;3 000;34 998;349 999
Etoffe de Meupette;Etoffe;110;01;17;2021;01;04;43;;55879 kamas/u.;51 999;543 999;
Etoffe Zoth;Etoffe;110;01;17;2021;01;04;46;;980 kamas/u.;950;;97 500
Etoffe Zoth;Etoffe;110;01;17;2021;01;04;51;;980 kamas/u.;950;;97 500
Etoffe de Yokai Firefoux;Etoffe;110;01;17;2021;01;04;54;;8574 kamas/u.;7 000;;
Etoffe de Soryo Firefoux;Etoffe;130;01;17;2021;01;04;58;;16038 kamas/u.;13 500;144 998;
Etoffe de Maho Firefoux;Etoffe;150;01;17;2021;01;05;02;;34834 kamas/u.;38 000;;
Etoffe de Gourlo le Terrible;Etoffe;150;01;17;2021;01;05;06;;7093 kamas/u.;4 200;45 000;949 999
Etoffe du Meulou;Etoffe;198;01;17;2021;01;05;09;;211108 kamas/u.;189 000;;
Etoffe de Pandore;Etoffe;200;01;17;2021;01;05;13;;22324 kamas/u.;49 000;;
Etoffe Magique de Moon;Etoffe;200;01;17;2021;01;05;17;;1369120 kamas/u.;1 299 996;;
Etoffe Magique de Moon;Etoffe;200;01;17;2021;01;05;20;;1369120 kamas/u.;1 299 996;;
Etoffe du Roissingue;Etoffe;200;01;17;2021;01;05;24;;2515 kamas/u.;1999;11 000;200 000
_Etoffe de Sphincter Cell;Etoffe;200;01;17;2021;01;05;28;;36204 kamas/u.;27 000;;
Etoffe de Péki;Etoffe;400;01;17;2021;01;05;31;;621006 kamas/u.;614 999;;
Fleur de Kaliptus;Fleur;1;01;17;2021;01;05;40;;277 kamas/u.;277;2 000;23 998
Fleur de Lin;Fleur;;01;17;2021;01;05;44;;79 kamas/u.;;;9 000
Rose démoniaque coupee;Fleur;;01;17;2021;01;05;49;;1483 kamas/u.;105;;
Fleur de Pissenlit Diabolique;Fleur;5;01;17;2021;01;05;53;;521 kamas/u.;740;3 000;40 000
Pétale de Rose Démoniaque;Fleur;6;01;17;2021;01;05;57;;1592 kamas/u.;887;12 500;159 900
Fleur de Chanvre;Fleur;10;01;17;2021;01;06;01;;82 kamas/u.;;;8 000
Pétale de Tournesol Sauvage;Fleur;12;01;17;2021;01;06;05;;39 kamas/u.;149;50;2 210
Pétale de Trukikol;Fleur;12;01;17;2021;01;06;09;;941 kamas/u.;950;9 590;99 898
Pétale Magique du Tournesol Affame;Fleur;20;01;17;2021;01;06;13;;9954 kamas/u.;1 000;;
Pétale de Blop;Fleur;34;01;17;2021;01;06;18;;172 kamas/u.;;45;448
Fleur de Blop Indigo;Fleur;34;01;17;2021;01;06;22;;125 kamas/u.;50;500;12975
Fleur de Blop Griotte;Fleur;34;01;17;2021;01;06;26;;78 kamas/u.;400;998;3 898
Fleur de Blop Reinette;Fleur;34;01;17;2021;01;06;30;;65 kamas/u.;100;900;4 498
Fleur de Blop Coco;Fleur;34;01;17;2021;01;06;34;;105 kamas/u.;;750;6 499
Pétale Passaoh;Fleur;40;01;17;2021;01;06;38;;6646 kamas/u.;6 000;64 000;499 999
Pétale Passaoh;Fleur;40;01;17;2021;01;06;42;;6646 kamas/u.;6 000;64 000;499 999
Pétale Kouracgao;Fleur;40;01;17;2021;01;06;46;;12973 kamas/u.;23 000;125 000;1 149 999
Orchidée Freyesque;Fleur;40;01;17;2021;01;06;49;;211 kamas/u.;;2 300;21 500
Pétale Morito;Fleur;40;01;17;2021;01;06;54;;2751 kamas/u.;2 496;26 995;245 000
Pétale Malibout;Fleur;40;01;17;2021;01;06;57;;2285 kamas/u.;;39 997;185 000
Fleur de Gloutovore;Fleur;42;01;17;2021;01;07;01;;3370 kamas/u.;4 500;39 994;300 000
Fleur de Gloutoblop;Fleur;50;01;17;2021;01;07;05;;13 kamas/u.;;150;698
Fleur de Blop Reinette Royal;Fleur;100;01;17;2021;01;07;08;;1298 kamas/u.;4 998;;
Fleur de Blop Reinette Royal;Fleur;100;01;17;2021;01;07;12;;1298 kamas/u.;4 998;;
Fleur de Blop Indigo Royal;Fleur;100;01;17;2021;01;07;16;;1265 kamas/u.;999;;
Fleur de Blop Griotte Royal;Fleur;100;01;17;2021;01;07;19;;14085 kamas/u.;13 000;;
Fleur de Blop Multicolore Royal;Fleur;150;01;17;2021;01;07;23;;965 kamas/u.;350;2 000;
Cerise;Fruit;1;01;17;2021;01;07;31;;127 kamas/u.;;;15 000
Bananagrume;Fruit;1;01;17;2021;01;07;35;;8590 kamas/u.;600;11 877;99 999
Citron;Fruit;1;01;17;2021;01;07;40;;154 kamas/u.;;3 000;15 000
Coque de Noix;Fruit;1;01;17;2021;01;07;44;;4999 kamas/u.;3 000;;
Citrouillette;Fruit;15;01;17;2021;01;07;48;;0 kamas/u.;4 998;;
Fruit de Palme;Fruit;32;01;17;2021;01;07;52;;364 kamas/u.;;3 589;28 990
Noix de Kokoko Traumatisée;Fruit;42;01;17;2021;01;07;56;;98479 kamas/u.;74 900;869 999;
Noix de Kokoko;Fruit;42;01;17;2021;01;07;59;;429 kamas/u.;2 998;7999;37 900
Noix de Kokoko;Fruit;42;01;17;2021;01;08;03;;429 kamas/u.;2 998;7999;37 900
;Fruit;42;01;17;2021;01;08;06;;429 kamas/u.;2 998;7999;37 900
;Fruit;42;01;17;2021;01;08;10;;429 kamas/u.;2 998;7999;37 900
;Fruit;42;01;17;2021;01;08;14;;429 kamas/u.;2 998;7999;37 900
Gelée de Déegelée;Gelée;;01;17;2021;01;08;22;;9 kamas/u.;;;
Gelée Bleutée;Gelée;3;01;17;2021;01;08;26;;262 kamas/u.;599;3 999;26 999
Gelée a la Menthe;Gelée;;01;17;2021;01;08;30;;2031 kamas/u.;;21 111;203 798
Gelée a la Fraise;Gelée;28;01;17;2021;01;08;35;;1022 kamas/u.;;18 800;101 999
Gelée Citron;Gelée;45;01;17;2021;01;08;38;;2842 kamas/u.;3 599;23 500;200 000
Gelée Menthe Royale;Gelée;100;01;17;2021;01;08;42;;2169 kamas/u.;1 229;18 000;
Gelée Fraise Royale;Gelée;150;01;17;2021;01;08;46;;24497 kamas/u.;24 500;289 888;
Gelée Citron Royale;Gelée;200;01;17;2021;01;08;49;;6069 kamas/u.;4 998;;
Gelée Citron Royale;Gelée;200;01;17;2021;01;08;53;;6069 kamas/u.;4 998;;
;Gelée;200;01;17;2021;01;08;57;;6069 kamas/u.;4 998;;
;Gelée;200;01;17;2021;01;09;00;;6069 kamas/u.;4 998;;
;Gelée;200;01;17;2021;01;09;04;;6069 kamas/u.;4 998;;
Graine de Sésame;Graine;1;01;17;2021;01;09;12;;173 kamas/u.;;13 000;17 000
Graine de Lin;Graine;1;01;17;2021;01;09;16;;435 kamas/u.;;3 000;25 500
Graine de Pavot;Graine;5;01;17;2021;01;09;21;;80 kamas/u.;;7 999;7999
Graine de Chanvre;Graine;10;01;17;2021;01;09;25;;283 kamas/u.;;;25 999
Graine de Tournesol sauvage;Graine;12;01;17;2021;01;09;29;;1799 kamas/u.;;27 000;179 900
Noisette;Graine;14;01;17;2021;01;09;33;;127 kamas/u.;;1 399;12 208
Noix de Pécan;Graine;32;01;17;2021;01;09;36;;124 kamas/u.;75;;12 850
Noix de Cajou;Graine;32;01;17;2021;01;09;39;;109 kamas/u.;75;800;11 000
Noix de Cajou;Graine;32;01;17;2021;01;09;43;;109 kamas/u.;75;800;11 000
Graine de scorbute;Graine;36;01;17;2021;01;09;46;;202 kamas/u.;100;1 350;22 222
|Graine de l'Abrakleur sombre;Graine;100;01;17;2021;01;09;50;;309 kamas/u.;;3 999;30 000
Graine de Pandouille;Graine;100;01;17;2021;01;09;53;;303 kamas/u.;;25 999;
Laine du Boufcoul;Laine;1;01;17;2021;01;10;01;;970 kamas/u.;1 000;12 000;92 881
Laine de Boufton Blanc;Laine;2;01;17;2021;01;10;05;;139 kamas/u.;;800;13 997
Laine de Boufton Noir;Laine;2;01;17;2021;01;10;09;;19 kamas/u.;;1 240;1 900
Laine de Bouftou;Laine;9;01;17;2021;01;10;14;;76 kamas/u.;;698;6 500
Laine du Chef de Guerre Bouftou;Laine;19;01;17;2021;01;10;17;;84 kamas/u.;;650;8 000
Laine du Trool Furieux;Laine;115;01;17;2021;01;10;20;;4482 kamas/u.;3 900;45 000;333 333
Laine du Minotoror;Laine;125;01;17;2021;01;10;24;;2210 kamas/u.;;19 999;145 000
Laine du Minotot;Laine;400;01;17;2021;01;10;27;;13202 kamas/u.;11 997;95 000;
Laine du Minotot;Laine;400;01;17;2021;01;10;31;;13202 kamas/u.;11 997;95 000;
;Laine;400;01;17;2021;01;10;34;;13202 kamas/u.;11 997;95 000;
;Laine;400;01;17;2021;01;10;37;;13202 kamas/u.;11 997;95 000;
;Laine;400;01;17;2021;01;10;40;;13202 kamas/u.;11 997;95 000;
Pommes de Terre épluchées;Légume;1;01;17;2021;01;10;49;;1 kamas/u.;;25;
Feuille de Salace;Légume;1;01;17;2021;01;10;52;;86 kamas/u.;4 499;790;8 499
Cawotte;Légume;20;01;17;2021;01;10;56;;387 kamas/u.;10 000;;36 999
;Légume;20;01;17;2021;01;11;00;;387 kamas/u.;10 000;;36 999
;Légume;20;01;17;2021;01;11;04;;387 kamas/u.;10 000;;36 999
;Légume;20;01;17;2021;01;11;07;;387 kamas/u.;10 000;;36 999
;Légume;20;01;17;2021;01;11;10;;387 kamas/u.;10 000;;36 999
;Légume;20;01;17;2021;01;11;14;;387 kamas/u.;10 000;;36 999
;Légume;20;01;17;2021;01;11;17;;387 kamas/u.;10 000;;36 999
;Légume;20;01;17;2021;01;11;20;;387 kamas/u.;10 000;;36 999
;Légume;20;01;17;2021;01;11;23;;387 kamas/u.;10 000;;36 999
;Légume;20;01;17;2021;01;11;26;;387 kamas/u.;10 000;;36 999
Oeil de Boufton;Oeil;2;01;17;2021;01;11;34;;182 kamas/u.;70;1 750;18 295
Oeil de Crabe;Oeil;4;01;17;2021;01;11;38;;1456 kamas/u.;800;12 990;97 310
Oeil de Kwoan;Oeil;8;01;17;2021;01;11;42;;31 kamas/u.;19;340;2 899
Oeil de Kolérat;Oeil;9;01;17;2021;01;11;47;;3472 kamas/u.;2 900;37 850;349 998
Oeil de Bouftou;Oeil;9;01;17;2021;01;11;50;;495 kamas/u.;480;4 899;57 000
Oeil du Milimulou;Oeil;22;01;17;2021;01;11;54;;1421 kamas/u.;PY;14 800;
Oeil d'Ouginak;Oeil;51;01;17;2021;01;11;57;;812 kamas/u.;300;4 200;39 999
Oeil de Kanigrou;Oeil;70;01;17;2021;01;12;01;;2716 kamas/u.;3 997;29 998;
Oeil de Kanigrou;Oeil;70;01;17;2021;01;12;05;;2716 kamas/u.;3 997;29 998;
Oeil de Mulou;Oeil;70;01;17;2021;01;12;08;;576 kamas/u.;499;4 000;49 499
Oeil de Champmane;Oeil;152;01;17;2021;01;12;11;;5535 kamas/u.;isp }o});38 000;399 998
Oeil de Meulou;Oeil;198;01;17;2021;01;12;15;;10124 kamas/u.;7999;96 000;
Oeuf pourri;Oeuf;3;01;17;2021;01;12;23;;399 kamas/u.;2 399;12 999;
Oeuf de Tofu;Oeuf;4;01;17;2021;01;12;27;;60 kamas/u.;;600;4 350
Oeuf de Dragoeuf Noir;Oeuf;74;01;17;2021;01;12;31;;8218 kamas/u.;7 498;79 998;899 999
Oeuf de Dragoeuf de Saphir;Oeuf;74;01;17;2021;01;12;35;;8639 kamas/u.;7 398;82 000;
Oeuf de Dragoeuf Blanc;Oeuf;74;01;17;2021;01;12;39;;17207 kamas/u.;19 890;199 895;
;Oeuf;74;01;17;2021;01;12;42;;17207 kamas/u.;19 890;199 895;
;Oeuf;74;01;17;2021;01;12;45;;17207 kamas/u.;19 890;199 895;
;Oeuf;74;01;17;2021;01;12;49;;17207 kamas/u.;19 890;199 895;
;Oeuf;74;01;17;2021;01;12;52;;17207 kamas/u.;19 890;199 895;
;Oeuf;74;01;17;2021;01;12;55;;17207 kamas/u.;19 890;199 895;
;Oeuf;74;01;17;2021;01;12;59;;17207 kamas/u.;19 890;199 895;
;Oeuf;74;01;17;2021;01;13;02;;17207 kamas/u.;19 890;199 895;
Oreille de Kolérat;Oreille;9;01;17;2021;01;13;10;;165 kamas/u.;;50;50 000
Oreilles du Tiwabbit;Oreille;11;01;17;2021;01;13;14;;1819 kamas/u.;1 500;18 000;187 000
Oreille de Porkass;Oreille;18;01;17;2021;01;13;18;;24 kamas/u.;;100;1997
Oreilles de Loup;Oreille;19;01;17;2021;01;13;23;;657 kamas/u.;1 000;2 000;51 800
Oreille de Cochon de Lait;Oreille;20;01;17;2021;01;13;26;;1 kamas/u.;;;aol
Oreille de Kanigrou;Oreille;70;01;17;2021;01;13;30;;200 kamas/u.;;2 300;19 997
;Oreille;70;01;17;2021;01;13;33;;200 kamas/u.;;2 300;19 997
;Oreille;70;01;17;2021;01;13;36;;200 kamas/u.;;2 300;19 997
;Oreille;70;01;17;2021;01;13;40;;200 kamas/u.;;2 300;19 997
;Oreille;70;01;17;2021;01;13;43;;200 kamas/u.;;2 300;19 997
;Oreille;70;01;17;2021;01;13;47;;200 kamas/u.;;2 300;19 997
;Oreille;70;01;17;2021;01;13;51;;200 kamas/u.;;2 300;19 997
Corne du Boufcoul;;1;01;17;2021;01;13;59;;2763 kamas/u.;;35 000;349 999
Femur du Minotoror;;1;01;17;2021;01;14;03;;18466 kamas/u.;;350 000;
Os de Mama Koalak;;1;01;17;2021;01;14;07;;2170 kamas/u.;2 000;20 000;
Femur de Koalak Farouche;;1;01;17;2021;01;14;12;;11066 kamas/u.;19 999;185 990;
Tibia de Koalak Fossoyeur;;1;01;17;2021;01;14;15;;1281 kamas/u.;1999;12 998;110 000
Os de Pékeualak;;1;01;17;2021;01;14;19;;5353 kamas/u.;;49 499;
Cubitus de Momie Koalak;;1;01;17;2021;01;14;23;;1542 kamas/u.;10 000;41 598;180 000
Dent du Tofu Maléfique;;3;01;17;2021;01;14;27;;17 kamas/u.;;250;1 000
Pince du Crabe;;4;01;17;2021;01;14;31;;737 kamas/u.;800;7997;65 199
Bec du Tofu;;4;01;17;2021;01;14;35;;371 kamas/u.;400;2 500;24 998
Corne de Bouftou;;9;01;17;2021;01;14;38;;267 kamas/u.;KEY;2 800;25 000
Sabot de Bouftou;;9;01;17;2021;01;14;42;;289 kamas/u.;190;6 200;29 995
Dent de Serpentin;;10;01;17;2021;01;14;46;;905 kamas/u.;999;14 000;
Défense du Sanglier;;14;01;17;2021;01;14;49;;443 kamas/u.;999;3 800;45 000
Dent Pointue;;15;01;17;2021;01;14;53;;55 kamas/u.;75;800;6 000
Ongle de Chevaucheur de Karne;;16;01;17;2021;01;14;57;;2410 kamas/u.;ee tet;25 000;221 100
Dent de Karne;;16;01;17;2021;01;15;01;;92 kamas/u.;;;2 220
Crane de chafer;;16;01;17;2021;01;15;04;;178 kamas/u.;110;1 099;11 000
Sabot de Chef de Guerre Bouftou;;18;01;17;2021;01;15;08;;3225 kamas/u.;3 700;30 000;299 999
Pic du Prespic;;18;01;17;2021;01;15;12;;278 kamas/u.;;4 998;24 999
Corne de Chef de Guerre Bouftou;;19;01;17;2021;01;15;16;;3100 kamas/u.;3 485;33 998;320 000
Croc Jaune;;19;01;17;2021;01;15;20;;45 kamas/u.;;;200
Dent de Chef de Guerre Bouftou;;19;01;17;2021;01;15;24;;180 kamas/u.;150;750;17 495
Dent de Dragodinde;;20;01;17;2021;01;15;27;;498 kamas/u.;999;4999;47 999
Dent de Wabbit;;;01;17;2021;01;15;31;;43 kamas/u.;;;3 300
Os d'Ours;;22;01;17;2021;01;15;35;;1814 kamas/u.;999;;
Dent d'Ours;;22;01;17;2021;01;15;38;;3886 kamas/u.;2 999;;
Os Invisible du Chafer Invisible;;23;01;17;2021;01;15;42;;287 kamas/u.;ert);1 000;39 900
Bec du Kwak de Flamme;;24;01;17;2021;01;15;46;;4494 kamas/u.;2 999;64 442;
Bec du Kwak de Terre;;24;01;17;2021;01;15;49;;3313 kamas/u.;2 800;45 555;599 999
Bec du Kwak du Vent;;24;01;17;2021;01;15;54;;2084 kamas/u.;4 500;60 000;
Pic de Dragodinde;;29;01;17;2021;01;15;57;;2159 kamas/u.;3 999;18 999;180 000
Pic de Dragodinde Rousse Sauvage;;29;01;17;2021;01;16;01;;455 kamas/u.;4 695;14 000;36 596
Dentier de Porkass;;30;01;17;2021;01;16;05;;110 kamas/u.;60;4 998;
Dent en Or du Craqueleur;;31;01;17;2021;01;16;08;;724 kamas/u.;695;9 699;70 000
Machoire de Rib;;33;01;17;2021;01;16;12;;196 kamas/u.;45;400;3999
Cotes du Rib;;33;01;17;2021;01;16;16;;760 kamas/u.;705;8 999;82 156
Femur du Chafer Archer;;34;01;17;2021;01;16;20;;1575 kamas/u.;1 499;44 999;
Colonne Vertebrale;;34;01;17;2021;01;16;23;;1856 kamas/u.;;ne yy7Ae]e);
Os de Chafer;;34;01;17;2021;01;16;28;;141 kamas/u.;160;1 300;14 499
Os Surprise du Chafer Fantassin;;35;01;17;2021;01;16;31;;6518 kamas/u.;6 000;;
Os de Crocodaille;;36;01;17;2021;01;16;35;;6088 kamas/u.;5 700;59 990;600 000
Pince de Scorbute;;36;01;17;2021;01;16;39;;1511 kamas/u.;499;18 999;147 999
Dent de Crocodaille;;36;01;17;2021;01;16;42;;517 kamas/u.;399;4 500;48 000
Ivoire;;40;01;17;2021;01;16;46;;228 kamas/u.;495;3 950;
Coccyx du Corailleur;;40;01;17;2021;01;16;50;;118 kamas/u.;;1 499;8 495
Cotes de Porkass;;40;01;17;2021;01;16;54;;768 kamas/u.;1100;15 500;76 000
Pince de Crustorail;;40;01;17;2021;01;16;57;;926 kamas/u.;1100;10 448;88 000
Dentier du Chafer d'élite;;43;01;17;2021;01;17;02;;500 kamas/u.;Ce;;
Fragment d'Os;;43;01;17;2021;01;17;05;;19139 kamas/u.;19175;;
Sabot de Sanglier des Plaines;;44;01;17;2021;01;17;09;;3620 kamas/u.;;33 999;
Défense de Sanglier des Plaines;;44;01;17;2021;01;17;13;;818 kamas/u.;500;7 900;92 999
Corne de Dragoss Noir;;50;01;17;2021;01;17;17;;12468 kamas/u.;9 997;29 998;
Corne de Dragoss de Saphire;;50;01;17;2021;01;17;20;;1544 kamas/u.;1 000;15 000;
Corne de Dragoss Blanc;;50;01;17;2021;01;17;24;;13854 kamas/u.;11 000;199 999;
Crocs de Rats;;50;01;17;2021;01;17;28;;11 kamas/u.;25;199;900
Corne de Dragoss Dore;;50;01;17;2021;01;17;31;;2858 kamas/u.;295;4999;
Dent magique de Cooleuvre;;67;01;17;2021;01;17;35;;6776 kamas/u.;2 895;49 885;
Dents de Chef Crocodaille;;69;01;17;2021;01;17;39;;935 kamas/u.;940;10 888;
Corne de Dragueuse;;70;01;17;2021;01;17;42;;171 kamas/u.;99;950;4 000
Canine du Mulou;;70;01;17;2021;01;17;47;;565 kamas/u.;650;5 000;39 998
Crane de Chef Crocodaille;;70;01;17;2021;01;17;50;;7893 kamas/u.;Cea;44 998;
Vieil Os de Dragoeuf;;70;01;17;2021;01;17;53;;97475 kamas/u.;349 999;;
Corne de Dragoeuf Volant;;70;01;17;2021;01;17;58;;3037 kamas/u.;1197;14 000;
Crane du Dragon Cochon;;70;01;17;2021;01;18;01;;4080 kamas/u.;995;15 555;
Ongle de Kanigrou;;70;01;17;2021;01;18;05;;70 kamas/u.;50;399;5 499
Défense de Dragon Cochon;;70;01;17;2021;01;18;09;;5677 kamas/u.;5 499;55 000;549 999
Corne de Dragoeuf Guerrier;;80;01;17;2021;01;18;12;;2687 kamas/u.;939;14 997;
Bec du Kido;;80;01;17;2021;01;18;16;;3703 kamas/u.;2 500;37 997;469 997
Chicot du Flib;;80;01;17;2021;01;18;20;;201 kamas/u.;150;2 990;5 997
Humérus du Sparo;;80;01;17;2021;01;18;23;;7446 kamas/u.;7 399;72 887;734 000
Os de Fantome Tanukoui San;;100;01;17;2021;01;18;27;;10865 kamas/u.;7999;75 000;
Os de Fantome Soryo Firefoux;;100;01;17;2021;01;18;31;;1074 kamas/u.;1 000;9999;149 999
Os de FantOme Maho Firefoux;;100;01;17;2021;01;18;35;;5302 kamas/u.;3 500;64 999;
Os de Fantome Yokai Firefoux;;100;01;17;2021;01;18;38;;1252 kamas/u.;250;9 888;
Os de FantOme Pandikaze;;100;01;17;2021;01;18;43;;269828 kamas/u.;274 488;2779 499;29 000 000
Corne de Déminoboule;;100;01;17;2021;01;18;46;;1850 kamas/u.;1799;9 200;122 222
Os de Fant6me Pandore;;100;01;17;2021;01;18;50;;38329 kamas/u.;21 200;199 999;
Corne de Mominotor;;100;01;17;2021;01;18;54;;27 kamas/u.;2 100;19 999;80 000
Os de Fantome Pandule;;100;01;17;2021;01;18;58;;8406 kamas/u.;4100;29 999;
Cubitus du Rat Noir;;100;01;17;2021;01;19;01;;26 kamas/u.;50;400;997
Dent de Rat Blanc;;100;01;17;2021;01;19;05;;3306 kamas/u.;1999;10 000;
Os de FantOme Léopardo;;100;01;17;2021;01;19;09;;3108 kamas/u.;2 000;19 886;
Tibia du Guerrier Zoth;;120;01;17;2021;01;19;12;;8011 kamas/u.;8 500;84 299;780 000
Os de FantOme Léopardo;;100;01;17;2021;01;19;16;;3108 kamas/u.;2 000;19 886;
Tibia du Guerrier Zoth;;120;01;17;2021;01;19;19;;8011 kamas/u.;8 500;84 299;780 000
Rotule du Disciple Zoth;;120;01;17;2021;01;19;23;;9110 kamas/u.;7 900;54 998;
Corne Brdlée du Minotoror;;125;01;17;2021;01;19;27;;5188 kamas/u.;7999;66 666;655 000
Sabot du Minotoror;;125;01;17;2021;01;19;30;;3248 kamas/u.;2 000;15 555;249 000
Dents de Meulou;;198;01;17;2021;01;19;34;;6683 kamas/u.;6 000;69 999;
Sabot du Minotot;;400;01;17;2021;01;19;37;;9392 kamas/u.;6 295;64 998;
Corne du Minotot;;400;01;17;2021;01;19;40;;39898 kamas/u.;38 000;365 000;
Corne du Minotot;;400;01;17;2021;01;19;44;;39898 kamas/u.;38 000;365 000;
Femur du Minotot;;400;01;17;2021;01;19;47;;15924 kamas/u.;41 000;375 000;
Dent de Crocabulia;;400;01;17;2021;01;19;50;;3163 kamas/u.;750;7 000;
Corne brisée de Crocabulia;;400;01;17;2021;01;19;54;;20612 kamas/u.;19 998;100 000;
Patte d'Arakne Magique;Patte;2;01;17;2021;01;20;02;;1598 kamas/u.;389;7998;
Patte d'Arakne;Patte;2;01;17;2021;01;20;05;;811 kamas/u.;;6 999;82 000
Patte de Prespic;Patte;18;01;17;2021;01;20;09;;1333 kamas/u.;2 900;24 990;200 000
Patte de Wabbit;Patte;18;01;17;2021;01;20;14;;42 kamas/u.;;500;2 299
Papatte de Croc Gland;Patte;19;01;17;2021;01;20;18;;9 kamas/u.;600;50;
Patte de Scorbute;Patte;36;01;17;2021;01;20;21;;539 kamas/u.;500;5 100;51 500
Patte d'Arakne Majeure;Patte;39;01;17;2021;01;20;24;;36 kamas/u.;30;299;990
Patte d'Araknawa;Patte;43;01;17;2021;01;20;28;;107 kamas/u.;40;990;12 000
Patte d'Araknawa;Patte;43;01;17;2021;01;20;31;;107 kamas/u.;40;990;12 000
;Patte;43;01;17;2021;01;20;34;;107 kamas/u.;40;990;12 000
;Patte;43;01;17;2021;01;20;37;;107 kamas/u.;40;990;12 000
;Patte;43;01;17;2021;01;20;41;;107 kamas/u.;40;990;12 000
Peau de Maitre Koalak;Peau;1;01;17;2021;01;20;49;;2640 kamas/u.;;SY];343 999
Peau de Piralak;Peau;1;01;17;2021;01;20;53;;17305 kamas/u.;16 000;180 000;
Peau de Chevaucheur Koalak;Peau;1;01;17;2021;01;20;57;;188451 kamas/u.;249 499;2 900 000;
Peau de Krameéléhon;Peau;;01;17;2021;01;21;01;;3929 kamas/u.;;;388 999
Peau de Drakoalak;Peau;1;01;17;2021;01;21;05;;11471 kamas/u.;pec};109 899;1 499 888
Peau de Mandrine;Peau;1;01;17;2021;01;21;08;;1724 kamas/u.;1 299;22999;153 999
Peau de Koalak Immature;Peau;1;01;17;2021;01;21;12;;12239 kamas/u.;10 900;98 999;
Peau de Milimilou;Peau;1;01;17;2021;01;21;16;;736 kamas/u.;598;;
Peau de Minoskito;Peau;;01;17;2021;01;21;19;;3305 kamas/u.;;32 000;298 400
Peau de Larve Bleue;Peau;2;01;17;2021;01;21;24;;1098 kamas/u.;800;12 996;111 399
Peau de Larve Verte;Peau;7;01;17;2021;01;21;27;;3466 kamas/u.;3 500;29 998;388 997
Peau de Larve Verte Magique;Peau;7;01;17;2021;01;21;31;;6358 kamas/u.;2 499;54 999;
Peau de Larve Orange;Peau;9;01;17;2021;01;21;35;;1734 kamas/u.;1100;16 999;173 999
Ecaille poisseuse;Peau;10;01;17;2021;01;21;38;;1195 kamas/u.;800;;84 210
Peau de Mob |'Eponge;Peau;10;01;17;2021;01;21;42;;9636 kamas/u.;ly;;
Peau de serpentin;Peau;10;01;17;2021;01;21;46;;5250 kamas/u.;2 990;49 250;
Peau de Trukikol;Peau;12;01;17;2021;01;21;50;;5974 kamas/u.;6 386;49 999;799 499
Peau de Gobelin;Peau;16;01;17;2021;01;21;53;;955 kamas/u.;1 000;11 111;
Peau de Kitsou Nae;Peau;19;01;17;2021;01;21;58;;1469 kamas/u.;2 000;19 999;144 051
Peau d'Ours;Peau;22;01;17;2021;01;22;01;;348 kamas/u.;1 000;;
Ecaille de Crocodaille;Peau;36;01;17;2021;01;22;05;;3898 kamas/u.;4 500;38 000;399 555
Peau de Crocodaille;Peau;36;01;17;2021;01;22;09;;1851 kamas/u.;1197;6 998;54 999
Peau de Pandikaze;Peau;40;01;17;2021;01;22;13;;13 kamas/u.;;400;1 490
Peau de Raul Mops;Peau;40;01;17;2021;01;22;16;;24034 kamas/u.;34 199;279 899;
Peau de Léopardo;Peau;40;01;17;2021;01;22;20;;758 kamas/u.;399;2 000;30 000
Peau de Chaman d'Egoutant;Peau;40;01;17;2021;01;22;24;;83 kamas/u.;5 997;850;11999
Peau de Rat d'Egoutant;Peau;42;01;17;2021;01;22;27;;27 kamas/u.;;290;2 000
Peau de Cochon de Farle;Peau;50;01;17;2021;01;22;32;;32 kamas/u.;750;;1 000
Ecaille de Dragoss Noir;Peau;50;01;17;2021;01;22;35;;804 kamas/u.;995;17 999;143 999
Ecaille de Dragoss de Saphire;Peau;50;01;17;2021;01;22;39;;240 kamas/u.;198;2 300;32 000
Ecaille de Dragoss Blanc;Peau;50;01;17;2021;01;22;43;;473 kamas/u.;;2 000;39 999
Ecaille de Dragoss Doré;Peau;50;01;17;2021;01;22;47;;152 kamas/u.;148;2 999;39 999
Peau de Don Dorgan;Peau;60;01;17;2021;01;22;50;;176 kamas/u.;250;500;5 000
Peau de Don Duss Ang;Peau;60;01;17;2021;01;22;55;;94 kamas/u.;50;;1999
Peau de Kitsou Nakwa;Peau;60;01;17;2021;01;22;58;;288 kamas/u.;250;3 389;28 799
Peau de Cooleuvre;Peau;67;01;17;2021;01;23;02;;2999 kamas/u.;2 800;39 900;
Peau de Chef Crocodaille;Peau;69;01;17;2021;01;23;06;;2193 kamas/u.;1 899;8 400;
Ecaille de Chef Crocodaille;Peau;69;01;17;2021;01;23;10;;22661 kamas/u.;22 996;219 000;2 399 999
Peau de Kanigrou;Peau;70;01;17;2021;01;23;13;;1818 kamas/u.;1 390;19 390;189 990
Peau de Dragoeuf Volant;Peau;70;01;17;2021;01;23;18;;19 kamas/u.;10;500;2 500
Peau de Dragueuse;Peau;70;01;17;2021;01;23;21;;709 kamas/u.;700;7 500;72 000
Peau de Kitsou Nere;Peau;80;01;17;2021;01;23;25;;259 kamas/u.;500;8 999;17 438
Peau de Dragoeuf Guerrier;Peau;80;01;17;2021;01;23;29;;410 kamas/u.;149;4999;42 999
Peau de Tanukoui San;Peau;85;01;17;2021;01;23;33;;1820 kamas/u.;er};14 444;150 000
Peau du Rat Noir;Peau;100;01;17;2021;01;23;37;;96 kamas/u.;150;740;9 998
Peau de Pandule;Peau;100;01;17;2021;01;23;41;;6460 kamas/u.;5 499;58 995;445 000
Peau de Rat Blanc;Peau;100;01;17;2021;01;23;45;;7248 kamas/u.;7 498;66 666;
Peau de Shin Larve;Peau;100;01;17;2021;01;23;48;;37265 kamas/u.;39 000;348 999;
Peau de Bworkette;Peau;100;01;17;2021;01;23;53;;525 kamas/u.;;5 300;53 289
Peau de Maitre Pandore;Peau;100;01;17;2021;01;23;57;;34816 kamas/u.;24 999;280 000;
Peau de Yokai Firefoux;Peau;110;01;17;2021;01;24;00;;6364 kamas/u.;5 200;65 000;699 998
Peau de Yokai Firefoux;Peau;110;01;17;2021;01;24;05;;6364 kamas/u.;5 200;65 000;699 998
Peau de Kitsou Nufeu;Peau;111;01;17;2021;01;24;08;;53 kamas/u.;250;4 898;3 996
Peau de Soryo Firefoux;Peau;130;01;17;2021;01;24;12;;8409 kamas/u.;CLV;84 996;
Peau de Maho Firefoux;Peau;150;01;17;2021;01;24;17;;7632 kamas/u.;21111;249 997;999 999
Peau de Pandore;Peau;200;01;17;2021;01;24;20;;2753 kamas/u.;2 000;10 000;
Peau de Sphincter Cell;Peau;200;01;17;2021;01;24;24;;73540 kamas/u.;129 999;1 100 000;
Peau du Rasboul Majeur;Peau;250;01;17;2021;01;24;28;;6680 kamas/u.;2 200;55 000;
Peau de Bworker;Peau;400;01;17;2021;01;24;31;;8715 kamas/u.;hy,;78 999;
Peau de Bworker;Peau;400;01;17;2021;01;24;35;;8715 kamas/u.;hy,;78 999;
Peau de Skeunk;Peau;400;01;17;2021;01;24;39;;417857 kamas/u.;289 000;;
Peau de Crocabulia;Peau;400;01;17;2021;01;24;43;;1904 kamas/u.;1 499;25 000;60 000
Peau lacérée du Tynril;Peau;400;01;17;2021;01;24;46;;20768 kamas/u.;21 500;199 999;
Feuille de Kaliptus;Plante;1;01;17;2021;01;24;56;;401 kamas/u.;400;3 149;30 000
Langue du Pissenlit Diabolique;Plante;5;01;17;2021;01;25;00;;3460 kamas/u.;1 500;36 999;300 000
Tige de Pissenlit Diabolique;Plante;6;01;17;2021;01;25;04;;147 kamas/u.;;850;9 999
Herbe Folle;Plante;9;01;17;2021;01;25;09;;111 kamas/u.;;;40 000
Feuille de Tournesol Sauvage;Plante;12;01;17;2021;01;25;13;;42 kamas/u.;;370;
Trefle a 5 feuilles;Plante;20;01;17;2021;01;25;16;;88 kamas/u.;;499;8 799
Feuille de Fourbasse;Plante;22;01;17;2021;01;25;21;;883 kamas/u.;800;14 998;89 999
Feuille de Menthe Sauvage;Plante;30;01;17;2021;01;25;25;;98 kamas/u.;;;9 855
Feuille de Tronknyde;Plante;35;01;17;2021;01;25;28;;1066 kamas/u.;990;10 995;109 999
Bulbe Morito;Plante;40;01;17;2021;01;25;33;;687 kamas/u.;600;3 000;70 000
Bulbe Kouracao;Plante;40;01;17;2021;01;25;36;;105 kamas/u.;99;2 500;7 800
Bulbe Malibout;Plante;40;01;17;2021;01;25;40;;309 kamas/u.;300;;50 000
Bulbe Passaoh;Plante;40;01;17;2021;01;25;44;;806 kamas/u.;800;9 998;72 000
Feuille de Bulbuisson;Plante;42;01;17;2021;01;25;48;;275 kamas/u.;299;2 400;29 999
Feuille de Kokoko;Plante;42;01;17;2021;01;25;52;;251 kamas/u.;377;1999;24 000
Feuille de Bambouto;Plante;47;01;17;2021;01;25;56;;20 kamas/u.;18;;2 000
Pousses de Bulbambou;Plante;67;01;17;2021;01;26;00;;263 kamas/u.;;;20 000
Criniére fleurie;Plante;80;01;17;2021;01;26;04;;26100 kamas/u.;bE hehe};244 990;
Sépale de Nerbe;Plante;80;01;17;2021;01;26;08;;2078 kamas/u.;1998;22 487;169 999
Feuille de Blop Royal;Plante;100;01;17;2021;01;26;12;;584 kamas/u.;5 000;7790;45 000
Etamine de Floribonde;Plante;;01;17;2021;01;26;16;;313 kamas/u.;;20 000;201 000
Bractée de Chiendent;Plante;100;01;17;2021;01;26;19;;560 kamas/u.;300;19 990;74 500
Carpelle de Brouture;Plante;100;01;17;2021;01;26;23;;46 kamas/u.;;2 399;3 000
Carpelle de Brouture;Plante;100;01;17;2021;01;26;27;;46 kamas/u.;;2 399;3 000
Feuille de Bambouto Sacre;Plante;120;01;17;2021;01;26;31;;1163 kamas/u.;800;9 800;89 997
Feuille de Blop Multicolore Royal;Plante;150;01;17;2021;01;26;35;;270 kamas/u.;120;1 390;20 000
Pistil du Tynril;Plante;500;01;17;2021;01;26;38;;4603 kamas/u.;25 000;29 999;294 998
Plume de Piou Rouge;Plume;1;01;17;2021;01;26;48;;1445 kamas/u.;900;7999;
Plume de Corbac Apprivoisé;Plume;1;01;17;2021;01;26;52;;200 kamas/u.;20;1999;10 000
Plume de Buveur;Plume;1;01;17;2021;01;26;56;;1732 kamas/u.;;29 999;300 000
Plume du Serpiplume;Plume;1;01;17;2021;01;27;01;;661 kamas/u.;900;5 000;55 000
Plume de Piou Violet;Plume;1;01;17;2021;01;27;04;;1212 kamas/u.;1 360;14 390;135 996
Plume de Piou Rose;Plume;1;01;17;2021;01;27;08;;1355 kamas/u.;1199;13 555;135 999
Plume de Piou Bleu;Plume;1;01;17;2021;01;27;12;;1280 kamas/u.;1 300;13 899;135 000
Plume de Piou Jaune;Plume;1;01;17;2021;01;27;16;;1343 kamas/u.;1 350;13 999;139 993
Plume de Piou Vert;Plume;1;01;17;2021;01;27;20;;1285 kamas/u.;1 200;12 250;133 998
Plume de Tofu Maléfique;Plume;;01;17;2021;01;27;24;;762 kamas/u.;;17 999;66 888
Plumes de Tofu;Plume;4;01;17;2021;01;27;28;;117 kamas/u.;800;;10 000
Plume de Corbac;Plume;20;01;17;2021;01;27;31;;386 kamas/u.;250;;40 000
Plume du Batofu;Plume;20;01;17;2021;01;27;35;;3608 kamas/u.;3 333;49 999;
Plume du Kwak de Glace;Plume;;01;17;2021;01;27;39;;734 kamas/u.;;8 999;69 499
Plume du Kwak de Flamme;Plume;24;01;17;2021;01;27;43;;4850 kamas/u.;;4 999 999;599 999
Plume du Kwak de Terre;Plume;24;01;17;2021;01;27;47;;2735 kamas/u.;3 555;34 995;245 000
Plume Pointue de Kwak du Vent;Plume;24;01;17;2021;01;27;51;;142538 kamas/u.;250 000;;
Plume du Dernier Poolay;Plume;32;01;17;2021;01;27;55;;32380 kamas/u.;19 997;309 998;
Plume Graisseuse du Tofu Ventripotent;Plume;50;01;17;2021;01;27;59;;3985 kamas/u.;3 888;42 199;449 888
Plume de fesse du Kido;Plume;80;01;17;2021;01;28;02;;412 kamas/u.;998;5 999;44 999
Plume de fesse du Kido;Plume;80;01;17;2021;01;28;06;;412 kamas/u.;998;5 999;44 999
Plume de Tofu Royal;Plume;100;01;17;2021;01;28;10;;88799 kamas/u.;81 997;979 997;
Plume du Maitre Corbac;Plume;160;01;17;2021;01;28;13;;147476 kamas/u.;148 361;1 500 000;
Plume Vibrante du Tofu Royal;Plume;200;01;17;2021;01;28;17;;200139 kamas/u.;178 997;;
Poils de Koalak Reinette;Poil;1;01;17;2021;01;28;26;;1471 kamas/u.;998;9999;100 000
Poils de Barbe du Warko Violet;Poil;1;01;17;2021;01;28;30;;14987 kamas/u.;14 000;139 999;
Poils de souris;Poil;1;01;17;2021;01;28;35;;846 kamas/u.;eel;12 000;59 999
Poils de Koalak Indigo;Poil;1;01;17;2021;01;28;39;;7134 kamas/u.;4199;115 000;
Poil de Péki;Poil;1;01;17;2021;01;28;43;;2399 kamas/u.;2 700;28 000;285 000
Poils de Koalak Forestier;Poil;1;01;17;2021;01;28;47;;13348 kamas/u.;15555;144 999;
Poil de Gamino;Poil;1;01;17;2021;01;28;51;;1605 kamas/u.;999;14 000;157 000
Poil de Renarbo;Poil;1;01;17;2021;01;28;55;;9987 kamas/u.;Aho} °} };99 994;999 999
Poils de Koalak Koko;Poil;1;01;17;2021;01;28;59;;4427 kamas/u.;3 789;39 999;
Poils de Barbe du Warko Marron;Poil;1;01;17;2021;01;29;03;;19923 kamas/u.;25 000;224 999;
Poils de Koalak Griotte;Poil;1;01;17;2021;01;29;07;;3463 kamas/u.;2 599;25 999;
Poils de Black Tiwabbit;Poil;11;01;17;2021;01;29;11;;2200 kamas/u.;2 800;24 432;209 999
Poils du Sanglier;Poil;14;01;17;2021;01;29;15;;114 kamas/u.;1 000;4 998;10 000
Poils Darits;Poil;18;01;17;2021;01;29;19;;9947 kamas/u.;8 999;100 000;
Poils de Wabbit;Poil;18;01;17;2021;01;29;23;;442 kamas/u.;;4 000;37 999
Poils de Crocs Glands;Poil;19;01;17;2021;01;29;27;;66 kamas/u.;;50;6 000
Poils du Milimulou;Poil;22;01;17;2021;01;29;31;;279 kamas/u.;399;2 000;33 999
Poils d'Ours;Poil;22;01;17;2021;01;29;35;;1091 kamas/u.;1 000;;
Poils de Barbe du Bwork Mage;Poil;23;01;17;2021;01;29;40;;48 kamas/u.;100;450;4 000
Poils de Kitsou Nae;Poil;29;01;17;2021;01;29;43;;26662 kamas/Uu.;19 998;199 991;2 350 000
Poils de Barbe du Grand Pa Wabbit;Poil;39;01;17;2021;01;29;47;;2755 kamas/u.;2 980;31 900;247 500
Poils de Wo Wabbit;Poil;39;01;17;2021;01;29;51;;1783 kamas/u.;1 500;19 899;198 000
Poils de Grand Pa Wabbit;Poil;39;01;17;2021;01;29;55;;1478 kamas/u.;2799;23 399;99 999
Poil de Rat Bontarien;Poil;40;01;17;2021;01;29;59;;3697 kamas/u.;3 000;39 999;
Poils de Pandikaze;Poil;40;01;17;2021;01;30;03;;392 kamas/u.;299;4 000;37 000
Poil de Rat Brakmarien;Poil;40;01;17;2021;01;30;07;;3727 kamas/u.;ee) :};34 390;614 998
Poil de Chaman d'Egoutant;Poil;40;01;17;2021;01;30;10;;52 kamas/u.;999;1 100;4 999
Poil de Rat d'Egoutant;Poil;42;01;17;2021;01;30;15;;64 kamas/u.;100;1 000;9 000
Poil de Sanglier des Plaines;Poil;44;01;17;2021;01;30;18;;1470 kamas/u.;yal;9999;90 000
Poils de Léopardo;Poil;50;01;17;2021;01;30;22;;1256 kamas/u.;800;14 999;134 999
Poil d'Ouginak;Poil;51;01;17;2021;01;30;26;;499 kamas/u.;;3 000;59 997
Poils de Kitsou Nakwa;Poil;60;01;17;2021;01;30;30;;5068 kamas/u.;yell;61 996;479 999
Poil de Kanigrou;Poil;;01;17;2021;01;30;34;;220 kamas/u.;;2 190;22 454
Poils du Mulou;Poil;70;01;17;2021;01;30;38;;41 kamas/u.;30;1 000;4 499
Touffe rousse du Flib;Poil;80;01;17;2021;01;30;42;;1040 kamas/u.;;12 047;135 000
Duvet du Kilibriss;Poil;80;01;17;2021;01;30;46;;54 kamas/u.;50;1 899;4 998
Poils de Kitsou Nere;Poil;80;01;17;2021;01;30;50;;3497 kamas/u.;3 490;39 998;388 999
Barbe inexistante du Barbroussa;Poil;80;01;17;2021;01;30;54;;2462 kamas/u.;3 999;28 599;245 998
Poils de Tanukoui San;Poil;85;01;17;2021;01;30;58;;6460 kamas/u.;;54 000;540 000
Poil du Wa Wabbit;Poil;100;01;17;2021;01;31;03;;1991 kamas/u.;5 000;43 996;199 998
Poil de Mominotor;Poil;100;01;17;2021;01;31;07;;495 kamas/u.;1 000;3 998;46 900
Poil de Dragon Cochon;Poil;100;01;17;2021;01;31;10;;1240 kamas/u.;998;9 998;90 000
Poil de Maitre Pandore;Poil;100;01;17;2021;01;31;15;;23719 kamas/u.;19 999;200 420;
Poil de Déminoboule;Poil;100;01;17;2021;01;31;18;;1973 kamas/u.;3 999;30 000;194 000
Poil de Bworkette;Poil;100;01;17;2021;01;31;22;;1034 kamas/u.;3 000;14 999;50 000
Poil de Bworkette;Poil;100;01;17;2021;01;31;27;;1034 kamas/u.;3 000;14 999;50 000
Poils de Yokai Firefoux;Poil;110;01;17;2021;01;31;31;;341 kamas/u.;200;4 000;9 000
Poils de Kitsou Nufeu;Poil;111;01;17;2021;01;31;35;;5703 kamas/u.;4 200;63 897;599 997
Poils du Minotoror;Poil;125;01;17;2021;01;31;39;;2498 kamas/u.;3 000;37 999;248 999
Poils de Soryo Firefoux;Poil;130;01;17;2021;01;31;43;;171 kamas/u.;199;554;14 998
Poils de Pandule;Poil;150;01;17;2021;01;31;46;;233 kamas/u.;400;2 300;23 000
Poils du Meulou;Poil;198;01;17;2021;01;31;50;;1110 kamas/u.;1 400;5 554;55 553
Poils de Moon;Poil;200;01;17;2021;01;31;54;;4305 kamas/u.;6 998;41 497;399 999
Poils de Moon;Poil;200;01;17;2021;01;31;58;;4305 kamas/u.;6 998;41 497;399 999
Poils de Pandore;Poil;200;01;17;2021;01;32;01;;758 kamas/u.;900;7 500;52 999
. Poil de Skeunk;Poil;400;01;17;2021;01;32;05;;36610 kamas/u.;45 000;329 999;
Perruque du Kimbo;Poil;500;01;17;2021;01;32;09;;12119 kamas/u.;;94 999;1 000 000
Hormone de Bébé Pandawa;Poudre;1;01;17;2021;01;32;19;;191259 kamas/u.;113 000;;
Hormone de Ross;Poudre;1;01;17;2021;01;32;23;;998 kamas/u.;998;;
Hormone de Dragoune Dorée;Poudre;1;01;17;2021;01;32;27;;7215 kamas/u.;789;;
Hormone de Meuch;Poudre;1;01;17;2021;01;32;32;;500 kamas/u.;900;;
Hormone de Petit Chacha Blanc;Poudre;1;01;17;2021;01;32;35;;138439 kamas/u.;69 000;;
Hormone de Mini Wa;Poudre;1;01;17;2021;01;32;39;;8991 kamas/u.;8 899;;
Hormone de Koalak Sanguin;Poudre;1;01;17;2021;01;32;43;;48809 kamas/u.;cP) kr);;
Hormone de Crocodaille;Poudre;1;01;17;2021;01;32;47;;0 kamas/u.;9 998;;
Hormone de Bouloute du Parrain;Poudre;1;01;17;2021;01;32;51;;288 kamas/u.;1149;;
Hormone de Chacha;Poudre;1;01;17;2021;01;32;55;;1577 kamas/u.;sey:;;
Hormone de Tiwabbit Kiafin;Poudre;1;01;17;2021;01;32;59;;9909 kamas/u.;3 332;;
Hormone de Bilby;Poudre;1;01;17;2021;01;33;03;;23884 kamas/u.;yem =F);;
Hormone de Willy le Relou;Poudre;1;01;17;2021;01;33;07;;198 kamas/u.;54 856;;
Poudre de Créatoune;Poudre;1;01;17;2021;01;33;10;;7304 kamas/u.;6 245;59 993;
Levure de Boulanger;Poudre;1;01;17;2021;01;33;14;;35 kamas/u.;49;345;3 399
Hormone de Vilain Petit Corbac;Poudre;1;01;17;2021;01;33;19;;4614 kamas/u.;3 998;;
Hormone de Tofoudre;Poudre;1;01;17;2021;01;33;22;;122 kamas/u.;i]s);900;
Hormone de Petit Chienchien Noir;Poudre;1;01;17;2021;01;33;26;;4985 kamas/u.;2 999;;
Hormone de Nomoon;Poudre;1;01;17;2021;01;33;30;;103229 kamas/u.;170 000;1 650 000;
Poudre de resurrection;Poudre;1;01;17;2021;01;33;34;;108269 kamas/u.;103 000;1 444 051;
Poudre d'Eniripsa;Poudre;1;01;17;2021;01;33;38;;1503 kamas/u.;;ne eds};149 000
Hormone d'Ecureuil Chenapan;Poudre;1;01;17;2021;01;33;42;;724 kamas/u.;100;;
Hormone de Gelutin;Poudre;1;01;17;2021;01;33;46;;50 kamas/u.;500;;
Hormone de Chauffe-Souris;Poudre;1;01;17;2021;01;33;50;;1 kamas/u.;5 000;;
Hormone de Bwak;Poudre;1;01;17;2021;01;33;54;;31164 kamas/u.;yA-Wo}0) 0};;
Hormone de Marcassin;Poudre;1;01;17;2021;01;33;57;;0 kamas/u.;9945;;
Poudre Temporelle;Poudre;1;01;17;2021;01;34;01;;58 kamas/u.;;50;5 899
Hormone de Wabbit;Poudre;1;01;17;2021;01;34;05;;3922 kamas/u.;3 799;;
Hormone de Chercheur d'Ogrines;Poudre;1;01;17;2021;01;34;09;;0 kamas/u.;7 000;;
Hormone de Pykur;Poudre;1;01;17;2021;01;34;12;;8084 kamas/u.;49 999;;
Hormone de Pykur;Poudre;1;01;17;2021;01;34;16;;8084 kamas/u.;49 999;;
Hormone de Pioute;Poudre;1;01;17;2021;01;34;20;;70807 kamas/u.;83 333;;
Hormone de Raknaille;Poudre;1;01;17;2021;01;34;23;;0 kamas/u.;pec};;
Hormone de Péki;Poudre;1;01;17;2021;01;34;28;;64326 kamas/Uu.;15 999;;
Phéromone de Tofu;Poudre;1;01;17;2021;01;34;31;;20357 kamas/Uu.;19 000;;
Poudre de Perlinpainpain;Poudre;1;01;17;2021;01;34;35;;15 kamas/u.;30;329;1 398
Hormone de Féanor;Poudre;1;01;17;2021;01;34;38;;4998 kamas/u.;4 500;;
Hormone de Shushu de Rushu;Poudre;1;01;17;2021;01;34;42;;180 kamas/u.;100;;88 000
Hormone de Shushu de Rushu;Poudre;1;01;17;2021;01;34;45;;180 kamas/u.;100;;88 000
Hormone de Chacha Tigre;Poudre;1;01;17;2021;01;34;49;;286 kamas/u.;100;;
-Hormone de Dragoune Noire;Poudre;1;01;17;2021;01;34;52;;7368 kamas/u.;2118;;
Poudre explosive de Gourlo;Poudre;200;01;17;2021;01;34;56;;371649 kamas/u.;;4 200 000;
Queue de Koalak Sanguin;Queue;1;01;17;2021;01;35;05;;1642 kamas/u.;9 000;54 999;
Queue de Kolérat;Queue;9;01;17;2021;01;35;09;;3013 kamas/u.;19 000;;
Queue de Dragodinde;Queue;17;01;17;2021;01;35;13;;624 kamas/u.;2 498;28 900;69 999
Queue de Dragodinde;Queue;17;01;17;2021;01;35;17;;624 kamas/u.;2 498;28 900;69 999
Queue de Prespic;Queue;18;01;17;2021;01;35;21;;201 kamas/u.;440;1777;24 999
Queue de Chef de Guerre Bouftou;Queue;19;01;17;2021;01;35;24;;1727 kamas/u.;1 399;11 000;185 665
Queue de Croc Gland;Queue;19;01;17;2021;01;35;28;;754 kamas/u.;700;14 999;
Queue de Dragodinde Rousse Sauvage;Queue;27;01;17;2021;01;35;32;;4245 kamas/u.;6 666;68 888;399 998
Queue de Sanglier des Plaines;Queue;44;01;17;2021;01;35;36;;1170 kamas/u.;699;;
Queue du Mulou;Queue;70;01;17;2021;01;35;39;;11130 kamas/u.;10 999;115 000;1 499 999
Queue de Dragon Cochon;Queue;70;01;17;2021;01;35;43;;1835 kamas/u.;1 000;15 555;
Queue de Dragon Cochon;Queue;70;01;17;2021;01;35;46;;1835 kamas/u.;1 000;15 555;
Queue de Minotoror;Queue;125;01;17;2021;01;35;50;;17184 kamas/u.;77 485;;1 200 000
Queue Magique du Péki;Queue;400;01;17;2021;01;35;53;;25028 kamas/u.;19 997;199 999;
Queue emplumée du Rasboul Majeur;Queue;500;01;17;2021;01;35;57;;5659 kamas/u.;4 450;51 898;
Hormone de Bébé Pandawa;Poudre;1;01;17;2021;01;36;05;;191259 kamas/u.;113 000;;
Hormone de Ross;Poudre;1;01;17;2021;01;36;09;;998 kamas/u.;998;;
Hormone de Dragoune Dorée;Poudre;1;01;17;2021;01;36;13;;7215 kamas/u.;789;;
Hormone de Meuch;Poudre;1;01;17;2021;01;36;18;;500 kamas/u.;900;;
Hormone de Petit Chacha Blanc;Poudre;1;01;17;2021;01;36;21;;138439 kamas/u.;69 000;;
Hormone de Mini Wa;Poudre;1;01;17;2021;01;36;25;;8991 kamas/u.;8 899;;
Hormone de Koalak Sanguin;Poudre;1;01;17;2021;01;36;29;;48809 kamas/u.;cP) kr);;
Hormone de Crocodaille;Poudre;1;01;17;2021;01;36;33;;0 kamas/u.;9 998;;
Hormone de Bouloute du Parrain;Poudre;1;01;17;2021;01;36;36;;288 kamas/u.;1149;;
Hormone de Chacha;Poudre;1;01;17;2021;01;36;41;;1577 kamas/u.;sey:;;
Hormone de Tiwabbit Kiafin;Poudre;1;01;17;2021;01;36;44;;9909 kamas/u.;3 332;;
Hormone de Bilby;Poudre;1;01;17;2021;01;36;48;;23884 kamas/u.;yem =F);;
Hormone de Willy le Relou;Poudre;1;01;17;2021;01;36;52;;198 kamas/u.;54 856;;
Poudre de Créatoune;Poudre;1;01;17;2021;01;36;55;;7304 kamas/u.;6 245;59 993;
Levure de Boulanger;Poudre;1;01;17;2021;01;36;59;;35 kamas/u.;49;345;3 399
Hormone de Vilain Petit Corbac;Poudre;1;01;17;2021;01;37;03;;4614 kamas/u.;3 998;;
Hormone de Tofoudre;Poudre;1;01;17;2021;01;37;07;;122 kamas/u.;i]s);900;
Hormone de Petit Chienchien Noir;Poudre;1;01;17;2021;01;37;10;;4985 kamas/u.;2 999;;
Hormone de Nomoon;Poudre;1;01;17;2021;01;37;15;;103229 kamas/u.;170 000;1 650 000;
Poudre de resurrection;Poudre;1;01;17;2021;01;37;18;;108269 kamas/u.;103 000;1 444 051;
Poudre d'Eniripsa;Poudre;1;01;17;2021;01;37;22;;1503 kamas/u.;;ne eds};149 000
Hormone d'Ecureuil Chenapan;Poudre;1;01;17;2021;01;37;27;;724 kamas/u.;100;;
Hormone de Gelutin;Poudre;1;01;17;2021;01;37;30;;50 kamas/u.;500;;
Hormone de Chauffe-Souris;Poudre;1;01;17;2021;01;37;34;;1 kamas/u.;5 000;;
Hormone de Bwak;Poudre;1;01;17;2021;01;37;38;;31164 kamas/u.;yA-Wo}0) 0};;
Hormone de Marcassin;Poudre;1;01;17;2021;01;37;41;;0 kamas/u.;9945;;
Poudre Temporelle;Poudre;1;01;17;2021;01;37;45;;58 kamas/u.;;50;5 899
Hormone de Wabbit;Poudre;1;01;17;2021;01;37;49;;3922 kamas/u.;3 799;;
Hormone de Chercheur d'Ogrines;Poudre;1;01;17;2021;01;37;53;;0 kamas/u.;7 000;;
Hormone de Pykur;Poudre;1;01;17;2021;01;37;56;;8084 kamas/u.;49 999;;
Hormone de Pykur;Poudre;1;01;17;2021;01;38;01;;8084 kamas/u.;49 999;;
Hormone de Pioute;Poudre;1;01;17;2021;01;38;04;;70807 kamas/u.;83 333;;
Hormone de Raknaille;Poudre;1;01;17;2021;01;38;08;;0 kamas/u.;pec};;
Hormone de Péki;Poudre;1;01;17;2021;01;38;12;;64326 kamas/Uu.;15 999;;
Phéromone de Tofu;Poudre;1;01;17;2021;01;38;16;;20357 kamas/Uu.;19 000;;
Poudre de Perlinpainpain;Poudre;1;01;17;2021;01;38;19;;15 kamas/u.;30;329;1 398
Hormone de Féanor;Poudre;1;01;17;2021;01;38;23;;4998 kamas/u.;4 500;;
Hormone de Shushu de Rushu;Poudre;1;01;17;2021;01;38;26;;180 kamas/u.;100;;88 000
Hormone de Shushu de Rushu;Poudre;1;01;17;2021;01;38;30;;180 kamas/u.;100;;88 000
Hormone de Chacha Tigre;Poudre;1;01;17;2021;01;38;33;;286 kamas/u.;100;;
-Hormone de Dragoune Noire;Poudre;1;01;17;2021;01;38;37;;7368 kamas/u.;2118;;
Poudre explosive de Gourlo;Poudre;200;01;17;2021;01;38;40;;371649 kamas/u.;;4 200 000;
Queue de Koalak Sanguin;Queue;1;01;17;2021;01;38;49;;1642 kamas/u.;9 000;54 999;
Queue de Kolérat;Queue;9;01;17;2021;01;38;53;;3013 kamas/u.;19 000;;
Queue de Dragodinde;Queue;17;01;17;2021;01;38;57;;624 kamas/u.;2 498;28 900;69 999
Queue de Dragodinde;Queue;17;01;17;2021;01;39;01;;624 kamas/u.;2 498;28 900;69 999
Queue de Prespic;Queue;18;01;17;2021;01;39;05;;201 kamas/u.;440;1777;24 999
Queue de Chef de Guerre Bouftou;Queue;19;01;17;2021;01;39;08;;1727 kamas/u.;1 399;11 000;185 665
Queue de Croc Gland;Queue;19;01;17;2021;01;39;12;;754 kamas/u.;700;14 999;
Queue de Dragodinde Rousse Sauvage;Queue;27;01;17;2021;01;39;16;;4245 kamas/u.;6 666;68 888;399 998
Queue de Sanglier des Plaines;Queue;44;01;17;2021;01;39;19;;1170 kamas/u.;699;;
Queue du Mulou;Queue;70;01;17;2021;01;39;23;;11130 kamas/u.;10 999;115 000;1 499 999
Queue de Dragon Cochon;Queue;70;01;17;2021;01;39;26;;1835 kamas/u.;1 000;15 555;
Queue de Dragon Cochon;Queue;70;01;17;2021;01;39;30;;1835 kamas/u.;1 000;15 555;
Queue de Minotoror;Queue;125;01;17;2021;01;39;34;;17184 kamas/u.;77 485;;1 200 000
Queue Magique du Péki;Queue;400;01;17;2021;01;39;37;;25028 kamas/u.;19 997;199 999;
Queue emplumée du Rasboul Majeur;Queue;500;01;17;2021;01;39;41;;5659 kamas/u.;4 450;51 898;
Dose de jus goutu;Ressource;1;01;17;2021;01;39;50;;301 kamas/u.;;;29 997
Eau;Ressource;1;01;17;2021;01;39;54;;38 kamas/u.;;400;3 997
Souris verte;Ressource;1;01;17;2021;01;39;58;;830 kamas/u.;1 000;;
Epices;Ressource;1;01;17;2021;01;40;02;;136 kamas/u.;;1 900;19 000
Indispensable Corde;Ressource;1;01;17;2021;01;40;06;;1999 kamas/u.;9 000;;
Coiffe déchiquetée de Drakoalak;Ressource;1;01;17;2021;01;40;10;;46799 kamas/u.;3 400;40 000;
Kole;Ressource;1;01;17;2021;01;40;14;;973 kamas/u.;800;1 499;49 999
Boomerang du Dok Alako;Ressource;1;01;17;2021;01;40;18;;9575 kamas/u.;11 999;119 000;
Sueur de dragodinde;Ressource;1;01;17;2021;01;40;21;;800 kamas/u.;1 499;8 000;80 000
Mojo du Mulou;Ressource;1;01;17;2021;01;40;25;;373 kamas/u.;100;2 999;39 498
Boomerang du Maitre Koalak;Ressource;1;01;17;2021;01;40;29;;9258 kamas/u.;9 999;;
Mojo du Meulou;Ressource;1;01;17;2021;01;40;32;;65231 kamas/u.;99 999;;
Casque cassé;Ressource;1;01;17;2021;01;40;37;;1459 kamas/u.;798;;
Boomerang du Koalak Sanguin;Ressource;1;01;17;2021;01;40;40;;162087 kamas/u.;158 000;1 894 998;
Boomerang du Warko Marron;Ressource;1;01;17;2021;01;40;44;;9789 kamas/u.;10 999;119 000;
Petite Perle Dorée;Ressource;1;01;17;2021;01;40;48;;2104 kamas/u.;1995;19 999;
Ficelle en Lin;Ressource;1;01;17;2021;01;40;52;;79 kamas/u.;;1 500;7999
Sourcil de Moskito;Ressource;1;01;17;2021;01;40;55;;55 kamas/u.;40;500;999
Langue de Crabe;Ressource;4;01;17;2021;01;40;59;;129 kamas/u.;120;3 000;7 000
Epine du Champ Champ;Ressource;5;01;17;2021;01;41;03;;51 kamas/u.;359;450;3 998
Fil de Soie;Ressource;5;01;17;2021;01;41;07;;1683 kamas/u.;1555;15 999;
Sporme du Champ Champ;Ressource;5;01;17;2021;01;41;11;;1960 kamas/u.;1 500;19 994;199 999
Champignon;Ressource;5;01;17;2021;01;41;14;;2308 kamas/u.;2 200;21999;277 999
Cocon de Ver a Soie;Ressource;6;01;17;2021;01;41;18;;509 kamas/u.;99;1 500;29 999
Coton Ancestral;Ressource;;01;17;2021;01;41;22;;9012 kamas/u.;;33 332;
Bave de Rose Démoniaque;Ressource;8;01;17;2021;01;41;26;;244 kamas/u.;99;1 499;24 997
Engrais;Ressource;8;01;17;2021;01;41;29;;1009 kamas/u.;4999;34 990;499 999
Bave de Bouftou;Ressource;9;01;17;2021;01;41;34;;29 kamas/u.;2 949;499;1 400
Museau de Kolérat;Ressource;9;01;17;2021;01;41;37;;816 kamas/u.;900;12 999;99 999
Cervelle de Bouftou;Ressource;9;01;17;2021;01;41;41;;5 kamas/u.;;bel;200
Kolérat Mort;Ressource;9;01;17;2021;01;41;45;;573997 kamas/u.;1 400 000;;
Armée de Tiques;Ressource;9;01;17;2021;01;41;49;;247 kamas/u.;359;2 899;24 498
Sang de Bouftou;Ressource;9;01;17;2021;01;41;52;;33 kamas/u.;40;50;2 800
Estomac de Bouftou;Ressource;9;01;17;2021;01;41;56;;278 kamas/u.;80;800;
Moustache de Kolérat;Ressource;;01;17;2021;01;42;00;;1041 kamas/u.;;;180 000
Grelot;Ressource;10;01;17;2021;01;42;03;;1566 kamas/u.;900;;
Langue Fourchue;Ressource;10;01;17;2021;01;42;07;;3157 kamas/u.;1 950;;
Venin de Serpentin;Ressource;10;01;17;2021;01;42;11;;31447 kamas/u.;199 998;;
Bandeau du Black Tiwabbit;Ressource;11;01;17;2021;01;42;15;;1360 kamas/u.;1 200;11 999;123 999
Sac a Patates Clair;Ressource;12;01;17;2021;01;42;19;;440 kamas/u.;450;;39 899
Sac a Patates Sombre;Ressource;12;01;17;2021;01;42;23;;133 kamas/u.;;3 000;12 795
Piece du Tresor du Badoul;Ressource;12;01;17;2021;01;42;26;;86 kamas/u.;85;499;8 199
Groin du Sanglier;Ressource;14;01;17;2021;01;42;31;;2520 kamas/u.;3 998;28 031;225 000
Tranche de Nodkoko;Ressource;14;01;17;2021;01;42;35;;15160 kamas/u.;15 000;124 998;1759 998
Kokopaille;Ressource;14;01;17;2021;01;42;38;;238 kamas/u.;100;;6 000
Kokolait;Ressource;14;01;17;2021;01;42;42;;1696 kamas/u.;370;;39 999
Trukikol Mort;Ressource;14;01;17;2021;01;42;46;;4439 kamas/u.;3 000;35 000;
Sang du Vampire;Ressource;15;01;17;2021;01;42;49;;3468 kamas/u.;ee tet;27 999;349 999
Boue du Boo;Ressource;17;01;17;2021;01;42;54;;56 kamas/u.;;50;3 498
Lait de Cochon de Lait;Ressource;18;01;17;2021;01;42;58;;1309 kamas/u.;isp }o});55 000;
Créte de Porkass;Ressource;18;01;17;2021;01;43;01;;906 kamas/u.;;;99 999
Groin de Porkass;Ressource;18;01;17;2021;01;43;06;;145 kamas/u.;140;1 389;14 390
Soulier de Porkass;Ressource;18;01;17;2021;01;43;09;;952 kamas/u.;1 789;12 444;118 999
Estomac de Prespic;Ressource;18;01;17;2021;01;43;13;;1057 kamas/u.;1999;14 444;
Trident Cassé;Ressource;18;01;17;2021;01;43;17;;10690 kamas/u.;14 000;146 497;
Criniére de Prespic;Ressource;18;01;17;2021;01;43;20;;1319 kamas/u.;ly;15 000;120 000
Estomac de Chef de Guerre Bouftou;Ressource;19;01;17;2021;01;43;24;;5398 kamas/u.;990;12 994;
Croquette;Ressource;19;01;17;2021;01;43;28;;1287 kamas/u.;a;;20 000
Langue de Croc Gland;Ressource;19;01;17;2021;01;43;32;;1190 kamas/u.;800;9 000;
Langue de Chef de Guerre Bouftou;Ressource;19;01;17;2021;01;43;36;;68 kamas/u.;;6 000;55 550
Main de Boo;Ressource;19;01;17;2021;01;43;40;;78 kamas/u.;;1 000;49
Cervelle de Chef de Guerre Bouftou;Ressource;19;01;17;2021;01;43;44;;284 kamas/u.;249;2 999;30 000
Coeur de Boue du Boo;Ressource;19;01;17;2021;01;43;47;;5736 kamas/u.;3 999;;
Coeur de Brandon;Ressource;20;01;17;2021;01;43;52;;3411 kamas/u.;2 999;;
Corbac Mort;Ressource;20;01;17;2021;01;43;55;;15512 kamas/u.;42 998;479 999;
Graisse de Gelée;Ressource;20;01;17;2021;01;43;59;;114 kamas/u.;;;11 443
Chauve souris;Ressource;21;01;17;2021;01;44;03;;5936 kamas/u.;4999;;
Paille Vampiresque;Ressource;22;01;17;2021;01;44;07;;9228 kamas/u.;8 999;1999;
Scalp de Milimulou;Ressource;22;01;17;2021;01;44;10;;324 kamas/u.;189;2 666;38 994
Scalp de Bwork Mage;Ressource;23;01;17;2021;01;44;14;;6811 kamas/u.;7123;66 999;
Capsule Explosive;Ressource;23;01;17;2021;01;44;18;;43 kamas/u.;;10;9 000
Scalp de Bwork Archer;Ressource;24;01;17;2021;01;44;21;;46196 kamas/u.;60 000;947 000;
Touffe de Cheveux Blancs;Ressource;24;01;17;2021;01;44;26;;58 kamas/u.;50;840;4 500
Rhum Fourbe;Ressource;24;01;17;2021;01;44;29;;388 kamas/u.;350;;
Pointe de Fleche du Bwork Archer;Ressource;24;01;17;2021;01;44;33;;703 kamas/u.;2 299;4999;49 990
Bougie du Mineur Sombre;Ressource;24;01;17;2021;01;44;37;;1136 kamas/u.;1100;9 899;99 998
Lance Cassée;Ressource;24;01;17;2021;01;44;40;;977 kamas/u.;369;9 693;84 998
Lait de Dragodinde;Ressource;29;01;17;2021;01;44;44;;949 kamas/u.;;;18 998
Ver de Feu;Ressource;30;01;17;2021;01;44;48;;168343 kamas/u.;49 000;;
Ver d'Air;Ressource;30;01;17;2021;01;44;52;;67497 kamas/u.;65 000;;
Liquide vampiresque;Ressource;30;01;17;2021;01;44;55;;0 kamas/u.;2 500;;
Griffes de Kwak;Ressource;30;01;17;2021;01;45;00;;2609 kamas/u.;3 999;39 000;355 555
Ver de Terre;Ressource;30;01;17;2021;01;45;03;;5000 kamas/u.;4 392;;
Ver d'Eau;Ressource;30;01;17;2021;01;45;07;;19997 kamas/u.;29 000;;
Visceres de Scarafeuille;Ressource;32;01;17;2021;01;45;11;;6161 kamas/u.;2 990;24 999;199 999
Antenne du Scarafeuille bleu;Ressource;32;01;17;2021;01;45;15;;641 kamas/u.;219;12 200;199 993
Antenne du Scarafeuille rouge;Ressource;32;01;17;2021;01;45;18;;814 kamas/u.;3 998;16 666;195 000
Antenne du Scarafeuille blanc;Ressource;32;01;17;2021;01;45;22;;856 kamas/u.;4 000;12 990;148 998
Antenne du Scarafeuille vert;Ressource;32;01;17;2021;01;45;26;;800 kamas/u.;499;14 400;198 999
Bout de Blop Coco;Ressource;34;01;17;2021;01;45;30;;54 kamas/u.;20;102;2999
Bout de Blop Reinette;Ressource;34;01;17;2021;01;45;34;;133 kamas/u.;;900;5 498
Pollen de Blop;Ressource;34;01;17;2021;01;45;37;;701 kamas/u.;1 000;5 000;69 994
Bout de Blop Griotte;Ressource;34;01;17;2021;01;45;41;;96 kamas/u.;63;630;3 500
Blop Mort;Ressource;34;01;17;2021;01;45;45;;751 kamas/u.;100;;
Bout de Blop Indigo;Ressource;34;01;17;2021;01;45;49;;147 kamas/u.;;700;7 998
Tranche de Tronknyde;Ressource;35;01;17;2021;01;45;52;;309 kamas/u.;ree;3 100;39 999
Tranche Magique de Tronknyde;Ressource;35;01;17;2021;01;45;57;;982 kamas/u.;;;600 000
Visceres de Scorbute;Ressource;36;01;17;2021;01;46;00;;241596 kamas/u.;344 000;;
Sang de Scorbute;Ressource;36;01;17;2021;01;46;04;;174 kamas/u.;200;;20 000
Estomac de Wo Wabbit;Ressource;39;01;17;2021;01;46;08;;1941 kamas/u.;250;11 499;
Gros Boulet;Ressource;40;01;17;2021;01;46;12;;17662 kamas/u.;13 000;135 000;
Bougie Magique du Mineur Sombre;Ressource;40;01;17;2021;01;46;15;;1208 kamas/u.;899;10 000;297 000
Casque Cassé du Chafer;Ressource;40;01;17;2021;01;46;20;;18576 kamas/u.;18 000;;
Antennes du Scarafeuille Noir;Ressource;40;01;17;2021;01;46;23;;99 kamas/u.;77);490;1 444
Fil Resistant;Ressource;43;01;17;2021;01;46;27;;2134 kamas/u.;5 450;70 000;
Arakne Majeure Morte;Ressource;43;01;17;2021;01;46;31;;590 kamas/u.;490;;
Casque cassé de Bwork;Ressource;43;01;17;2021;01;46;35;;51892 kamas/u.;59 000;;
Epaulette de Bwork;Ressource;;01;17;2021;01;46;38;;33 kamas/u.;;349;
Pot de Gloutovore;Ressource;44;01;17;2021;01;46;42;;282 kamas/u.;100;2 999;30 000
Groin de Sanglier des Plaines;Ressource;44;01;17;2021;01;46;46;;1474 kamas/u.;1 399;;
Estomac de Gloutovore;Ressource;44;01;17;2021;01;46;50;;6841 kamas/u.;3 999;59 997;
Glouto Rhum;Ressource;44;01;17;2021;01;46;54;;1686 kamas/u.;1 500;17 999;180 000
Estomac de Sanglier des Plaines;Ressource;44;01;17;2021;01;46;57;;95 kamas/u.;4 998;;
Seve d'Abraknyde;Ressource;45;01;17;2021;01;47;01;;792 kamas/u.;5 000;20 000;199 998
Champignon Luidegit;Ressource;46;01;17;2021;01;47;05;;46216 kamas/u.;;518 467;
Résine d'Abraknyde;Ressource;50;01;17;2021;01;47;09;;124 kamas/u.;200;1999;11 000
Poupée Vaudou Jav;Ressource;51;01;17;2021;01;47;13;;165786 kamas/u.;233 333;;
Collier Casse d'Ouginak;Ressource;51;01;17;2021;01;47;17;;3826 kamas/u.;3 500;35 999;
Poupée Vaudou Archer;Ressource;51;01;17;2021;01;47;21;;281299 kamas/u.;788 885;;
Babines d'Ouginak;Ressource;51;01;17;2021;01;47;24;;486 kamas/u.;99;4999;49 000
Bandelettes;Ressource;51;01;17;2021;01;47;28;;270 kamas/u.;280;2 299;22 898
Chaine de l'Ouginak;Ressource;51;01;17;2021;01;47;32;;500 kamas/u.;90;4 300;48 998
Coeur d'Ouginak;Ressource;51;01;17;2021;01;47;35;;10847 kamas/u.;1 250;;
Pommeau d'Epée;Ressource;51;01;17;2021;01;47;40;;17387 kamas/u.;18 997;;
Poupée Vaudou Sarbak;Ressource;51;01;17;2021;01;47;43;;77772 kamas/u.;30 000;;
Poupée Vaudou Thierry;Ressource;51;01;17;2021;01;47;47;;64519 kamas/u.;1 000 000;;
Bouclier Reptilien;Ressource;69;01;17;2021;01;47;51;;1699 kamas/u.;1 000;22 000;
Fragment d'Epée Reptilienne;Ressource;69;01;17;2021;01;47;55;;2031 kamas/u.;5 000;29 999;
Osier Enchante;Ressource;69;01;17;2021;01;47;58;;6177 kamas/u.;el} };64 000;
Dragolait;Ressource;70;01;17;2021;01;48;03;;3198 kamas/u.;ets);;
Boite de Kanigrou;Ressource;70;01;17;2021;01;48;06;;157 kamas/u.;21;1 000;20 000
Scalp de Mulou;Ressource;70;01;17;2021;01;48;10;;2354 kamas/u.;1 000;19 998;229 999
Antennes du Scarabosse Dore;Ressource;70;01;17;2021;01;48;14;;508 kamas/u.;499;5 000;
Sang de Dragon Cochon;Ressource;70;01;17;2021;01;48;18;;7936 kamas/u.;3 300;55 000;
Griffe du Mulou;Ressource;70;01;17;2021;01;48;21;;471 kamas/u.;;4 000;24 997
Visceres du Scarabosse Dore;Ressource;;01;17;2021;01;48;26;;5710 kamas/u.;4 895;;
Bandelette du Guerrier Koalak;Ressource;70;01;17;2021;01;48;29;;6591 kamas/u.;6 498;64 000;690 000
Testicules du Mulou;Ressource;70;01;17;2021;01;48;33;;18550 kamas/u.;PAH t2 15);299 899;
Ours Déchiqueté;Ressource;70;01;17;2021;01;48;37;;495 kamas/u.;500;;
Groin de Dragon Cochon;Ressource;70;01;17;2021;01;48;41;;7107 kamas/u.;9 450;99 899;700 000
Sang d'Oni;Ressource;75;01;17;2021;01;48;45;;7869 kamas/u.;4 500;39 999;
Faux menton du Bourbassingue;Ressource;80;01;17;2021;01;48;49;;81321 kamas/u.;70 000;850 000;
Testicules Magiques du Mulou;Ressource;80;01;17;2021;01;48;52;;1783 kamas/u.;3 000;24 999;130 000
Foulard du Sparo;Ressource;80;01;17;2021;01;48;56;;108 kamas/u.;;50;6 000
Tresse du Poolay;Ressource;80;01;17;2021;01;49;00;;31548 kamas/u.;yA=}i-Je]0};313 995;
Moustache du Mufafah;Ressource;80;01;17;2021;01;49;04;;565 kamas/u.;500;9 600;41 999
Cloaque du Poolay;Ressource;80;01;17;2021;01;49;07;;1048 kamas/u.;3 000;9 700;97 000
Croupion du Bitouf aérien;Ressource;80;01;17;2021;01;49;11;;2226 kamas/u.;Vee;33 333;188 000
Maillot de corps de Barbroussa;Ressource;80;01;17;2021;01;49;15;;1088 kamas/u.;798;6 990;55 000
Laniere en cuir du Dragoeuf Guerrier;Ressource;80;01;17;2021;01;49;18;;5625 kamas/u.;3179;44 800;320 000
Jus de Ouassingue;Ressource;80;01;17;2021;01;49;23;;30091 kamas/u.;31 999;308 000;3 799 999
Tourbe séchée de Tourbassingue;Ressource;80;01;17;2021;01;49;26;;15757 kamas/u.;13 998;158 999;
Coffret maudit du Flib;Ressource;80;01;17;2021;01;49;30;;14245 kamas/u.;11 000;90 000;
Calecon Mignon du Capitaine Pirate;Ressource;82;01;17;2021;01;49;34;;1747 kamas/u.;1 400;13 800;130 000
Rhum de Qualité;Ressource;94;01;17;2021;01;49;38;;4820 kamas/u.;1 080;29 999;
Barbe du Chouque;Ressource;94;01;17;2021;01;49;42;;94653 kamas/u.;89 996;;
Boucle du Chouque;Ressource;94;01;17;2021;01;49;46;;4964 kamas/u.;3 331;49 999;
Bwak Squelettique;Ressource;94;01;17;2021;01;49;50;;1118915 kamas/u.;2 449 999;;
Tresse du Koulosse;Ressource;100;01;17;2021;01;49;53;;8316 kamas/u.;19 790;160 009;1 500 000
Jeton du Bworker;Ressource;100;01;17;2021;01;49;58;;60858 kamas/u.;57 999;599 999;
Couronne Brisée du Tofu Royal;Ressource;100;01;17;2021;01;50;01;;832 kamas/u.;199 000;;
Baton du Kilibriss;Ressource;100;01;17;2021;01;50;05;;23717 kamas/u.;yA=}=V0] 0};295 000;
Bandelette du Mominotor;Ressource;100;01;17;2021;01;50;09;;2410 kamas/u.;5 998;59 994;495 000
Amygdales du Bitouf Sombre;Ressource;100;01;17;2021;01;50;13;;629 kamas/u.;;5 555;54 999
Talon d'achille de l'Abrakleur sombre;Ressource;100;01;17;2021;01;50;16;;6849 kamas/u.;6 000;64 497;750 000
Rembourrage de Meupette;Ressource;110;01;17;2021;01;50;20;;2147 kamas/u.;3 000;25 000;159 999
Bave du Kaskargo;Ressource;110;01;17;2021;01;50;24;;2651 kamas/u.;2 635;28 000;210 000
Criniére de Trool;Ressource;115;01;17;2021;01;50;27;;7516 kamas/u.;5 999;;600 000
Epaulette de Trool;Ressource;115;01;17;2021;01;50;32;;8565 kamas/u.;3 979;;
Bracelet de Force de Trool;Ressource;115;01;17;2021;01;50;35;;36512 kamas/u.;y2= 3 =10]0};400 000;
Testicules du Tanukoul San;Ressource;120;01;17;2021;01;50;39;;198218 kamas/u.;113 000;;
Ecusson du Sergent Zoth;Ressource;120;01;17;2021;01;50;43;;43028 kamas/u.;49 980;441 098;3 999 999
Braguette du Maitre Zoth;Ressource;120;01;17;2021;01;50;47;;16137 kamas/u.;yh Wie }<}:);170 000;
Epaulette du Dark Vlad;Ressource;120;01;17;2021;01;50;50;;14540 kamas/u.;14 999;;
Trompe de la Tromperelle;Ressource;125;01;17;2021;01;50;54;;8398 kamas/u.;13 500;78 999;699 999
Langue du Champodonte;Ressource;134;01;17;2021;01;50;57;;14783 kamas/u.;16 000;154 999;1 500 000
Lamelle de Champbis;Ressource;144;01;17;2021;01;51;01;;6312 kamas/u.;7999;69 123;550 000
Bave de Champ a Gnons;Ressource;149;01;17;2021;01;51;05;;8358 kamas/u.;5 000;89 999;699 999
Coeur du Maitre Corbac;Ressource;160;01;17;2021;01;51;08;;54689 kamas/u.;46 999;;
Clakoss;Ressource;160;01;17;2021;01;51;12;;750648 kamas/u.;777 750;;
Testicules Magiques du Meulou;Ressource;198;01;17;2021;01;51;16;;26992 kamas/Uu.;14 995;;
Scalp de Meulou;Ressource;198;01;17;2021;01;51;20;;67979 kamas/u.;63 899;;
Testicules de Meulou;Ressource;198;01;17;2021;01;51;23;;6474 kamas/u.;2 450;;
Scalp de Meulou;Ressource;198;01;17;2021;01;51;27;;67979 kamas/u.;63 899;;
Testicules de Meulou;Ressource;198;01;17;2021;01;51;30;;6474 kamas/u.;2 450;;
Protection usagée du Bworker;Ressource;200;01;17;2021;01;51;34;;5666 kamas/u.;995;8 000;
Culotte a l'envers du Roissingue;Ressource;200;01;17;2021;01;51;38;;201322 kamas/u.;176 900;1 850 000;
Morceau de calecon de Gourlo;Ressource;200;01;17;2021;01;51;42;;396 kamas/u.;999;4 300;17 777
Sourcil du Rasboul majeur;Ressource;400;01;17;2021;01;51;45;;1064 kamas/u.;200;9 998;
Chaussette du Kimbo;Ressource;500;01;17;2021;01;51;48;;36648 kamas/u.;32 480;350 000;
Epine d'Ougah;Ressource;900;01;17;2021;01;51;52;;93757 kamas/u.;93 500;999 998;7 000 000
Epine d'Ougah;Ressource;900;01;17;2021;01;51;55;;93757 kamas/u.;93 500;999 998;7 000 000
Fragment d'Ougalurette;Ressource;900;01;17;2021;01;51;58;;45106 kamas/u.;27 999;250 000;
Ventouse du Kralamoure géant;Ressource;999;01;17;2021;01;52;02;;192420 kamas/u.;201 999;1 878 999;
Encre du Kralamoure géant;Ressource;999;01;17;2021;01;52;05;;175573 kamas/u.;145 996;1 499 998;
