Amulette du Piou Jaune;Amulette;1;01;15;2021;03;49;47;;83 kamas/u.;10;;;;;
Amulette du Piou Rose;Amulette;1;01;15;2021;03;49;52;;36 kamas/u.;250;;;;;
Amulette du Petit Hibou;Amulette;1;01;15;2021;03;49;58;;144 kamas/u.;100;;;;;
Amulette du Piou Rouge;Amulette;1;01;15;2021;03;50;03;;29 kamas/u.;10;;;;;
Koliet Aclou;Amulette;1;01;15;2021;03;50;08;;263 kamas/u.;99;;;;;
Amulette du Piou Bleu;Amulette;1;01;15;2021;03;50;12;;39 kamas/u.;10;199 999;;;;
Amulette du Petit Ours;Amulette;1;01;15;2021;03;50;17;;4543 kamas/u.;48;;;;;
Amulette du Piou Violet;Amulette;1;01;15;2021;03;50;22;;108 kamas/u.;10;;;;;
II ee Ree;;;01;15;2021;03;50;26;;;;de vous reconr;;;;
;;;01;15;2021;03;50;31;;;;de vous reconr;;;;
OE;;;01;15;2021;03;50;36;;;;de vous reconr;;;;
Connne;;;01;15;2021;03;50;40;;;;de vous reconr;;;;
;;;01;15;2021;03;50;44;;;;de vous reconr;;;;
;;;01;15;2021;03;50;49;;;;de vous reconr;;;;
;;;01;15;2021;03;50;53;;;;de vous reconr;;;;
;;;01;15;2021;03;50;57;;;;de vous reconr;;;;
;;;01;15;2021;03;51;02;;;;de vous reconr;;;;
Options avancÃ©es >;;;01;15;2021;03;51;06;;;;de vous reconr;;;;
;;;01;15;2021;03;51;13;;;;de vous reconr;;;;
;;;01;15;2021;03;51;17;;;;de vous reconr;;;;
II ee Ree;;;01;15;2021;03;51;22;;;;de vous reconr;;;;
;;;01;15;2021;03;51;27;;;;de vous reconr;;;;
OE;;;01;15;2021;03;51;31;;;;de vous reconr;;;;
Connne;;;01;15;2021;03;51;35;;;;de vous reconr;;;;
;;;01;15;2021;03;51;40;;;;de vous reconr;;;;
;;;01;15;2021;03;51;44;;;;de vous reconr;;;;
;;;01;15;2021;03;51;48;;;;de vous reconr;;;;
;;;01;15;2021;03;51;53;;;;de vous reconr;;;;
;;;01;15;2021;03;51;57;;;;;;;;;;;
;;;01;15;2021;03;52;04;;;;;;;;
