Ailes cassées;Aile;;01;18;2021;01;34;09;;11 kamas/u.;;;
Ailes de Moskito;Aile;2;01;18;2021;01;34;13;;3418 kamas/u.;2 000;29 999;295 000
Aile du Tofu Maléfique;Aile;3;01;18;2021;01;34;17;;3199 kamas/u.;2 899;35 000;390 000
Ailes de Moskito;Aile;2;01;18;2021;01;34;22;;3418 kamas/u.;2 000;29 999;295 000
Aile du Tofu Maléfique;Aile;3;01;18;2021;01;34;25;;3199 kamas/u.;2 899;35 000;390 000
Aile de Dragodinde Rousse Sauvage;Aile;29;01;18;2021;01;34;29;;347 kamas/u.;198;6 795;32 999
Aile de Dragodinde;Aile;29;01;18;2021;01;34;33;;370 kamas/u.;399;3 695;28 999
Ailes de Scarafeuille rouge;Aile;32;01;18;2021;01;34;36;;1199 kamas/u.;500;15 000;99 198
Ailes de Scarafeuille vert;Aile;32;01;18;2021;01;34;40;;457 kamas/u.;;;49 996
Ailes de Scarafeuille bleu;Aile;32;01;18;2021;01;34;43;;1358 kamas/u.;494;13 800;135 000
Ailes du Scarafeuille Noir;Aile;40;01;18;2021;01;34;47;;547 kamas/u.;;ee hl);56 978
Ailes du Scarafeuille Noir;Aile;40;01;18;2021;01;34;51;;547 kamas/u.;;ee hl);56 978
Ailes du Scarabosse Dore;Aile;70;01;18;2021;01;34;54;;43192 kamas/u.;42 990;498 997;
_Aile de Dragoeuf Volant;Aile;80;01;18;2021;01;34;58;;1382 kamas/u.;800;10 000;99 999
Aile du Bitouf des plaines;Aile;80;01;18;2021;01;35;01;;79 kamas/u.;50;1 100;5 999
Carapace de Scaratos;Carapace;1;01;18;2021;01;35;10;;698 kamas/u.;;11 999;64 998
Carapace vide de Crabe;Carapace;4;01;18;2021;01;35;14;;953 kamas/u.;900;12 000;
Carapace Jaune Vide;Carapace;24;01;18;2021;01;35;18;;1153 kamas/u.;1 500;9 500;99 950
Carapace vide de Crabe;Carapace;4;01;18;2021;01;35;22;;953 kamas/u.;900;12 000;
Carapace Jaune Vide;Carapace;24;01;18;2021;01;35;26;;1153 kamas/u.;1 500;9 500;99 950
Carapace Bleue Vide;Carapace;24;01;18;2021;01;35;29;;846 kamas/u.;1 500;9 499;99 949
Carapace Rouge Vide;Carapace;24;01;18;2021;01;35;34;;1083 kamas/u.;;9 499;99 949
Carapace Verte Vide;Carapace;24;01;18;2021;01;35;37;;1028 kamas/u.;938;7 299;99 449
Carapace de Scarafeuille Vert;Carapace;32;01;18;2021;01;35;41;;41 kamas/u.;35;298;5 999
Carapace de Scarafeuille Blanc;Carapace;32;01;18;2021;01;35;45;;496 kamas/u.;;9 999;119 997
Carapace de Scarafeuille Rouge;Carapace;32;01;18;2021;01;35;48;;1722 kamas/u.;2 990;19 998;175 554
Carapace de Scarafeuille Rouge;Carapace;32;01;18;2021;01;35;52;;1722 kamas/u.;2 990;19 998;175 554
Carapace de Scorbute;Carapace;36;01;18;2021;01;35;55;;2856 kamas/u.;2 999;27 999;278 999
Carapace de Scarafeuille Noir;Carapace;40;01;18;2021;01;35;59;;3891 kamas/u.;3 899;39 999;399 999
Carapace du Scarabosse Doré;Carapace;70;01;18;2021;01;36;02;;19795 kamas/u.;15 000;199 999;
Coquille de Dragoss Dore;Coquille;50;01;18;2021;01;36;11;;1113 kamas/u.;690;8 498;79 999
Coquille de Dragoss Noir;Coquille;50;01;18;2021;01;36;15;;1305 kamas/u.;498;8 000;
Coquille de Dragoss Blanc;Coquille;50;01;18;2021;01;36;19;;1051 kamas/u.;1 200;5555;99 999
Coquille de Dragoss de Saphir;Coquille;50;01;18;2021;01;36;23;;1188 kamas/u.;900;9 900;40 000
Coquille de Dragoeuf Noir;Coquille;64;01;18;2021;01;36;26;;8403 kamas/u.;9 499;87 498;835 000
Coquille de Dragoeuf Blanc;Coquille;64;01;18;2021;01;36;30;;243 kamas/u.;199;1999;24 999
Coquille de Dragoeuf Blanc;Coquille;64;01;18;2021;01;36;34;;243 kamas/u.;199;1999;24 999
Coquille de Dragoeuf Doré;Coquille;64;01;18;2021;01;36;38;;1923 kamas/u.;1 000;15 886;190 000
Coquille de Dragoeuf Saphir;Coquille;64;01;18;2021;01;36;41;;2773 kamas/u.;1 000;25 000;270 000
Protection de la Dragueuse;Coquille;70;01;18;2021;01;36;45;;2051 kamas/u.;1 000;9 000;
Fragment de Coquille d'Aerohouctor le Gue...;Coquille;80;01;18;2021;01;36;49;;23686 kamas/Uu.;19 998;234 294;3 999 999
Coco du Bitouf des plaines;Coquille;80;01;18;2021;01;36;52;;4640 kamas/u.;2 999;44 399;
Fragment de Coquille d'Aquabralak le Guet..;Coquille;80;01;18;2021;01;36;56;;19169 kamas/u.;be ee!;195 000;
Fragment de Coquille de Terrakoubiak le G..;Coquille;80;01;18;2021;01;37;00;;24989 kamas/Uu.;23 990;199 999;
Fragment de Coquille de Terrakoubiak le G..;Coquille;80;01;18;2021;01;37;03;;24989 kamas/Uu.;23 990;199 999;
Coco du Bitouf aerien;Coquille;110;01;18;2021;01;37;07;;27192 kamas/u.;P22 =}°}°};214 999;
| Coquille du Kaskargo;Coquille;110;01;18;2021;01;37;10;;9568 kamas/u.;Ne eh) );99 998;
Coco du Bitouf sombre;Coquille;120;01;18;2021;01;37;14;;9323 kamas/u.;9 996;79 999;800 000
Cuir du Boufcoul;Cuir;1;01;18;2021;01;37;23;;989 kamas/u.;;15 000;98 995
Cuir de Boufton Blanc;Cuir;2;01;18;2021;01;37;26;;157 kamas/u.;110;1 198;15 800
Cuir de Boufton Noir;Cuir;2;01;18;2021;01;37;31;;162 kamas/u.;;1 296;16 200
Cuir de Bouftou;Cuir;9;01;18;2021;01;37;35;;28 kamas/u.;;239;2 899
Cuir de Sanglier;Cuir;14;01;18;2021;01;37;39;;349 kamas/u.;;4 996;34 999
Slip en Cuir Moulant du Vampire;Cuir;15;01;18;2021;01;37;42;;2555 kamas/u.;11 000;20 000;
Slip en cuir de Porkass;Cuir;18;01;18;2021;01;37;47;;7383 kamas/u.;5 000;;
Cuir du Cochon de Lait;Cuir;18;01;18;2021;01;37;50;;691 kamas/u.;699;9 197;79 990
Cuir du Chef de Guerre Bouftou;Cuir;19;01;18;2021;01;37;54;;92 kamas/u.;100;1 499;8 800
Slip en cuir de Cochon de Lait;Cuir;20;01;18;2021;01;37;58;;3094 kamas/u.;2 398;;
Slip de Bwork Archer;Cuir;23;01;18;2021;01;38;02;;92 kamas/u.;;799;9 999
Cuir Violet de Bwork;Cuir;31;01;18;2021;01;38;05;;417 kamas/u.;;4 000;30 000
Slip de Bwork Archer;Cuir;23;01;18;2021;01;38;10;;92 kamas/u.;;799;9 999
Cuir Violet de Bwork;Cuir;31;01;18;2021;01;38;13;;417 kamas/u.;;4 000;30 000
Cuir de Bouftou Royal;Cuir;35;01;18;2021;01;38;17;;1764 kamas/u.;1197;20 000;296 999
Cuir de Porkass;Cuir;40;01;18;2021;01;38;22;;177 kamas/u.;;4 500;15 500
Selle en Cuir;Cuir;40;01;18;2021;01;38;25;;12323 kamas/u.;11 400;;
Cuir du Dragon Cochon;Cuir;;01;18;2021;01;38;28;;10609 kamas/u.;;111995;990 000
Cuir Noir;Cuir;74;01;18;2021;01;38;32;;23276 kamas/u.;22 900;269 000;
Cuir de Mominotor;Cuir;100;01;18;2021;01;38;36;;1467 kamas/u.;pec hf);9 998;9 999
Cuir de Mominotor;Cuir;100;01;18;2021;01;38;39;;1467 kamas/u.;pec hf);9 998;9 999
Cuir du Minotot;Cuir;100;01;18;2021;01;38;43;;6852 kamas/u.;3 945;29 999;
-Cuir de Déminoboule;Cuir;100;01;18;2021;01;38;46;;89 kamas/u.;200;900;4 000
Cuir de Minotoror;Cuir;125;01;18;2021;01;38;50;;3445 kamas/u.;3 000;15 000;199 997
Etoffe du Fauchalak;Etoffe;1;01;18;2021;01;38;59;;7952 kamas/u.;3 699;69 999;
Etoffe du Sanglier;Etoffe;13;01;18;2021;01;39;03;;191 kamas/u.;200;2 000;11 390
Tissu Sanguin;Etoffe;15;01;18;2021;01;39;06;;8354 kamas/u.;10 000;85 000;
Etoffe du Prespic;Etoffe;17;01;18;2021;01;39;11;;445 kamas/u.;2 999;28 999;
Etoffe du Wabbit;Etoffe;18;01;18;2021;01;39;14;;663 kamas/u.;650;5 999;69 995
Etoffe de Croc Gland;Etoffe;19;01;18;2021;01;39;18;;7011 kamas/u.;5 000;;
Tissu Invisible;Etoffe;23;01;18;2021;01;39;22;;2942 kamas/u.;199 999;15 000;147 500
Tissu Pourpre;Etoffe;23;01;18;2021;01;39;26;;106 kamas/u.;200;1 499;3 500
Etoffe de Dok Alako;Etoffe;40;01;18;2021;01;39;29;;1207 kamas/u.;1190;10 000;114 999
Etoffe de Pandikaze;Etoffe;40;01;18;2021;01;39;33;;6165 kamas/u.;6 500;48 995;560 000
Etoffe de Sanglier des Plaines;Etoffe;44;01;18;2021;01;39;37;;428 kamas/u.;888;3 997;
Fibre de Chanvre;Etoffe;46;01;18;2021;01;39;41;;106 kamas/u.;;999;3 442
Fibre de Lin;Etoffe;46;01;18;2021;01;39;45;;37 kamas/u.;;;2 900
Tissu Sombre;Etoffe;50;01;18;2021;01;39;49;;1109 kamas/u.;849;9 998;99 999
Linceul;Etoffe;65;01;18;2021;01;39;52;;3840 kamas/u.;3 500;36 000;380 000
Etoffe de Kanigrou;Etoffe;70;01;18;2021;01;39;56;;704 kamas/u.;;8 800;67 400
Etoffe du Mulou;Etoffe;70;01;18;2021;01;40;00;;31349 kamas/u.;Cr ehh);;
Etoffe de Ouassingue;Etoffe;80;01;18;2021;01;40;04;;973 kamas/u.;;12 000;96 000
Etoffe du Rat Blanc;Etoffe;100;01;18;2021;01;40;08;;33389 kamas/u.;37 998;329 999;
Etoffe de Fant6me Pandore;Etoffe;;01;18;2021;01;40;12;;11828 kamas/u.;;94 994;
Etoffe du Wa Wabbit;Etoffe;100;01;18;2021;01;40;15;;15006 kamas/u.;17 999;119 775;
Etoffe de Fant6me Léopardo;Etoffe;100;01;18;2021;01;40;19;;26774 kamas/u.;24 000;269 000;
Etoffe de Fant6me Pandikaze;Etoffe;100;01;18;2021;01;40;23;;5501 kamas/u.;3 500;35 000;399 998
Etoffe du Rat Noir;Etoffe;100;01;18;2021;01;40;26;;138 kamas/u.;130;1 500;13 798
Etoffe de Pandule;Etoffe;100;01;18;2021;01;40;30;;45323 kamas/u.;ete bL;499 799;
Etoffe de Fant6me Maho Firefoux;Etoffe;100;01;18;2021;01;40;34;;5574 kamas/u.;2 900;31 000;
Etoffe de Fant6me Yokai Firefoux;Etoffe;100;01;18;2021;01;40;38;;13500 kamas/u.;10 000;99 999;
Etoffe de Maitre Pandore;Etoffe;100;01;18;2021;01;40;42;;522411 kamas/u.;439 997;;
Etoffe de Fant6me Tanukoui San;Etoffe;100;01;18;2021;01;40;45;;46687 kamas/u.;39 000;479 998;
Etoffe de Fant6me Soryo Firefoux;Etoffe;100;01;18;2021;01;40;49;;38427 kamas/u.;34 995;349 999;3 900 000
Etoffe de Fant6me Pandule;Etoffe;100;01;18;2021;01;40;53;;4096 kamas/u.;2 990;34 998;349 999
Etoffe de Meupette;Etoffe;110;01;18;2021;01;40;57;;55326 kamas/u.;53 997;515 000;
Etoffe Zoth;Etoffe;110;01;18;2021;01;41;00;;1000 kamas/u.;;;120 000
Etoffe Zoth;Etoffe;110;01;18;2021;01;41;05;;1000 kamas/u.;;;120 000
Etoffe de Yokai Firefoux;Etoffe;110;01;18;2021;01;41;08;;8574 kamas/u.;6 799;59 000;
Etoffe de Soryo Firefoux;Etoffe;130;01;18;2021;01;41;12;;15975 kamas/u.;17 499;144 998;
Etoffe de Maho Firefoux;Etoffe;150;01;18;2021;01;41;16;;34834 kamas/u.;37 999;;
Etoffe de Gourlo le Terrible;Etoffe;150;01;18;2021;01;41;19;;7066 kamas/u.;4 000;45 000;
Etoffe du Meulou;Etoffe;198;01;18;2021;01;41;23;;208882 kamas/u.;198 198;;
Etoffe de Pandore;Etoffe;200;01;18;2021;01;41;26;;22324 kamas/u.;48 999;;
Etoffe Magique de Moon;Etoffe;200;01;18;2021;01;41;30;;1366380 kamas/u.;1 299 996;;
Etoffe Magique de Moon;Etoffe;200;01;18;2021;01;41;33;;1366380 kamas/u.;1 299 996;;
Etoffe du Roissingue;Etoffe;200;01;18;2021;01;41;37;;1783 kamas/u.;VAY |;44 998;329 888
_Etoffe de Sphincter Cell;Etoffe;200;01;18;2021;01;41;40;;36052 kamas/u.;50 000;;
Etoffe de Péki;Etoffe;400;01;18;2021;01;41;44;;623015 kamas/u.;663 999;6 299 998;
Fleur de Kaliptus;Fleur;1;01;18;2021;01;41;53;;211 kamas/u.;276;2 800;19 999
Rose démoniaque coupée;Fleur;1;01;18;2021;01;41;57;;1483 kamas/u.;105;;
Fleur de Pissenlit Diabolique;Fleur;5;01;18;2021;01;42;01;;471 kamas/u.;449;2 999;35 999
Pétale de Rose Démoniaque;Fleur;6;01;18;2021;01;42;05;;1610 kamas/u.;990;16 500;149 995
Fleur de Chanvre;Fleur;10;01;18;2021;01;42;09;;79 kamas/u.;;;8 200
Pétale de Tournesol Sauvage;Fleur;12;01;18;2021;01;42;12;;28 kamas/u.;149;399;2 210
Pétale de Trukikol;Fleur;12;01;18;2021;01;42;17;;959 kamas/u.;1 390;9 500;99 898
Pétale Magique du Tournesol Affamé;Fleur;20;01;18;2021;01;42;20;;9638 kamas/u.;1998;;
Fleur de Bulbiflore;Fleur;26;01;18;2021;01;42;24;;353 kamas/u.;350;;
Pétale de Blop;Fleur;34;01;18;2021;01;42;28;;172 kamas/u.;;45;400
Fleur de Blop Indigo;Fleur;34;01;18;2021;01;42;32;;98 kamas/u.;50;500;12 895
Fleur de Blop Griotte;Fleur;34;01;18;2021;01;42;35;;134 kamas/u.;400;998;14 795
Fleur de Blop Reinette;Fleur;34;01;18;2021;01;42;40;;96 kamas/u.;;900;9795
Fleur de Blop Coco;Fleur;34;01;18;2021;01;42;43;;143 kamas/u.;;750;14 795
Pétale Passaoh;Fleur;40;01;18;2021;01;42;47;;6635 kamas/u.;4 998;64 450;499 999
Pétale Kouracao;Fleur;40;01;18;2021;01;42;51;;12756 kamas/u.;20 000;115 000;1 149 999
Orchidée Freyesque;Fleur;;01;18;2021;01;42;55;;238 kamas/u.;;2 300;23 500
Pétale Morito;Fleur;40;01;18;2021;01;42;58;;2751 kamas/u.;2 496;26 995;245 000
Orchidée Freyesque;Fleur;;01;18;2021;01;43;03;;238 kamas/u.;;2 300;23 500
Pétale Morito;Fleur;40;01;18;2021;01;43;06;;2751 kamas/u.;2 496;26 995;245 000
Pétale Malibout;Fleur;40;01;18;2021;01;43;10;;2274 kamas/u.;2 200;39 997;185 000
Fleur de Blopignon;Fleur;40;01;18;2021;01;43;14;;26 kamas/u.;;300;499
Fleur de Gloutovore;Fleur;42;01;18;2021;01;43;18;;3205 kamas/u.;4 500;32 000;299 000
Edelweiss;Fleur;50;01;18;2021;01;43;21;;290 kamas/u.;;;29 999
Fleur de Blop Reinette Royal;Fleur;100;01;18;2021;01;43;25;;1444 kamas/u.;4 998;12 500;
Fleur de Blop Coco Royal;Fleur;100;01;18;2021;01;43;28;;1756 kamas/u.;1 400;;
Fleur de Blop Coco Royal;Fleur;100;01;18;2021;01;43;32;;1756 kamas/u.;1 400;;
Fleur de Blop Indigo Royal;Fleur;100;01;18;2021;01;43;35;;1265 kamas/u.;900;10 000;
Fleur de Blop Griotte Royal;Fleur;100;01;18;2021;01;43;39;;14074 kamas/u.;9 999;;
Fleur de Blop Multicolore Royal;Fleur;150;01;18;2021;01;43;43;;927 kamas/u.;200;2 000;
Cerise;Fruit;1;01;18;2021;01;43;51;;127 kamas/u.;;;15 000
Bananagrume;Fruit;1;01;18;2021;01;43;55;;8590 kamas/u.;600;11 877;99 999
Citron;Fruit;1;01;18;2021;01;43;58;;154 kamas/u.;;3 000;13 999
Coque de Noix;Fruit;1;01;18;2021;01;44;03;;4999 kamas/u.;2 500;;
Citrouillette;Fruit;15;01;18;2021;01;44;07;;0 kamas/u.;4 998;;
Fruit de Palme;Fruit;32;01;18;2021;01;44;10;;364 kamas/u.;;e=t=t3);28 980
Noix de Kokoko Traumatisée;Fruit;42;01;18;2021;01;44;14;;96919 kamas/u.;89 998;869 999;
Noix de Kokoko;Fruit;42;01;18;2021;01;44;18;;530 kamas/u.;2 500;19 994;29 800
Noix de Kokoko;Fruit;42;01;18;2021;01;44;21;;530 kamas/u.;2 500;19 994;29 800
;Fruit;42;01;18;2021;01;44;25;;530 kamas/u.;2 500;19 994;29 800
;Fruit;42;01;18;2021;01;44;28;;530 kamas/u.;2 500;19 994;29 800
;Fruit;42;01;18;2021;01;44;32;;530 kamas/u.;2 500;19 994;29 800
Gelée de Déegelée;Gelée;;01;18;2021;01;44;40;;9 kamas/u.;;;
Gelée Bleutée;Gelée;3;01;18;2021;01;44;44;;259 kamas/u.;599;3 998;25 992
Gelée a la Menthe;Gelée;10;01;18;2021;01;44;48;;2080 kamas/u.;2 298;23 500;209 998
Gelée a la Fraise;Gelée;28;01;18;2021;01;44;52;;1053 kamas/u.;1 869;18 700;89 898
Gelée Citron;Gelée;45;01;18;2021;01;44;56;;2849 kamas/u.;3 599;30 000;200 000
Gelée Menthe Royale;Gelée;100;01;18;2021;01;44;59;;2169 kamas/u.;1 229;18 000;
Gelée Fraise Royale;Gelée;150;01;18;2021;01;45;03;;24497 kamas/u.;24 000;289 887;
Gelée Citron Royale;Gelée;200;01;18;2021;01;45;07;;6069 kamas/u.;4 998;;
Gelée Citron Royale;Gelée;200;01;18;2021;01;45;10;;6069 kamas/u.;4 998;;
;Gelée;200;01;18;2021;01;45;14;;6069 kamas/u.;4 998;;
;Gelée;200;01;18;2021;01;45;17;;6069 kamas/u.;4 998;;
;Gelée;200;01;18;2021;01;45;20;;6069 kamas/u.;4 998;;
Graine de Sésame;Graine;1;01;18;2021;01;45;29;;158 kamas/u.;;12 000;15 000
Graine de Lin;Graine;1;01;18;2021;01;45;33;;379 kamas/u.;;3 000;25 500
Graine de Pavot;Graine;5;01;18;2021;01;45;37;;80 kamas/u.;700;7998;9 996
Graine de Chanvre;Graine;10;01;18;2021;01;45;41;;371 kamas/u.;;3 500;38 999
Graine de Tournesol sauvage;Graine;12;01;18;2021;01;45;45;;1796 kamas/u.;;17 800;145 000
Noisette;Graine;14;01;18;2021;01;45;49;;121 kamas/u.;;eh} =);11 000
Noix de Pécan;Graine;32;01;18;2021;01;45;53;;126 kamas/u.;;;12 850
Noix de Cajou;Graine;32;01;18;2021;01;45;56;;100 kamas/u.;;2 000;8 000
Noix de Cajou;Graine;32;01;18;2021;01;46;00;;100 kamas/u.;;2 000;8 000
Graine de scorbute;Graine;36;01;18;2021;01;46;04;;202 kamas/u.;100;1 348;22 222
|Graine de l'Abrakleur sombre;Graine;100;01;18;2021;01;46;07;;309 kamas/u.;eRT;3 999;30 000
Graine de Pandouille;Graine;;01;18;2021;01;46;11;;1201 kamas/u.;;25 999;
Laine du Boufcoul;Laine;1;01;18;2021;01;46;19;;995 kamas/u.;1 000;12 000;99 999
Laine de Boufton Blanc;Laine;2;01;18;2021;01;46;23;;111 kamas/u.;90;1 000;11 189
Laine de Boufton Noir;Laine;2;01;18;2021;01;46;27;;13 kamas/u.;;;1 300
Laine de Bouftou;Laine;9;01;18;2021;01;46;32;;76 kamas/u.;;699;7 300
Laine du Chef de Guerre Bouftou;Laine;19;01;18;2021;01;46;36;;90 kamas/u.;125;999;9 296
Laine du Trool Furieux;Laine;115;01;18;2021;01;46;39;;4477 kamas/u.;3 900;45 000;333 333
Laine du Minotoror;Laine;125;01;18;2021;01;46;43;;1897 kamas/u.;2 500;19 998;200 000
Laine du Minotot;Laine;400;01;18;2021;01;46;46;;13123 kamas/u.;11 997;94 999;
Laine du Minotot;Laine;400;01;18;2021;01;46;50;;13123 kamas/u.;11 997;94 999;
;Laine;400;01;18;2021;01;46;53;;13123 kamas/u.;11 997;94 999;
;Laine;400;01;18;2021;01;46;57;;13123 kamas/u.;11 997;94 999;
;Laine;400;01;18;2021;01;47;00;;13123 kamas/u.;11 997;94 999;
Feuille de Salace;Légume;1;01;18;2021;01;47;08;;77 kamas/u.;4 400;795;8 300
Cawotte;Légume;20;01;18;2021;01;47;12;;368 kamas/u.;9 999;;36 000
;Légume;20;01;18;2021;01;47;16;;368 kamas/u.;9 999;;36 000
;Légume;20;01;18;2021;01;47;21;;368 kamas/u.;9 999;;36 000
;Légume;20;01;18;2021;01;47;24;;368 kamas/u.;9 999;;36 000
;Légume;20;01;18;2021;01;47;28;;368 kamas/u.;9 999;;36 000
;Légume;20;01;18;2021;01;47;31;;368 kamas/u.;9 999;;36 000
;Légume;20;01;18;2021;01;47;35;;368 kamas/u.;9 999;;36 000
;Légume;20;01;18;2021;01;47;38;;368 kamas/u.;9 999;;36 000
;Légume;20;01;18;2021;01;47;42;;368 kamas/u.;9 999;;36 000
;Légume;20;01;18;2021;01;47;45;;368 kamas/u.;9 999;;36 000
;Légume;20;01;18;2021;01;47;49;;368 kamas/u.;9 999;;36 000
Oeil de Boufton;Oeil;2;01;18;2021;01;47;57;;182 kamas/u.;70;999;17 000
Oeil de Crabe;Oeil;4;01;18;2021;01;48;01;;1456 kamas/u.;1 000;12 990;79 999
Oeil de Kwoan;Oeil;8;01;18;2021;01;48;05;;31 kamas/u.;19;340;2 098
Oeil de Kolérat;Oeil;9;01;18;2021;01;48;09;;3519 kamas/u.;3 000;37 985;349 998
Oeil de Bouftou;Oeil;9;01;18;2021;01;48;13;;564 kamas/u.;400;4 439;58 000
Oeil du Milimulou;Oeil;22;01;18;2021;01;48;16;;1308 kamas/u.;946;11 100;109 999
Oeil d'Ouginak;Oeil;51;01;18;2021;01;48;20;;705 kamas/u.;300;4 499;39 996
Oeil de Kanigrou;Oeil;70;01;18;2021;01;48;23;;2716 kamas/u.;2 700;26 999;
Oeil de Kanigrou;Oeil;70;01;18;2021;01;48;27;;2716 kamas/u.;2 700;26 999;
Oeil de Mulou;Oeil;70;01;18;2021;01;48;31;;501 kamas/u.;500;4 998;55 000
Oeil de Champmane;Oeil;152;01;18;2021;01;48;34;;5410 kamas/u.;4 998;30 999;399 998
Oeil de Meulou;Oeil;198;01;18;2021;01;48;38;;10101 kamas/u.;7999;96 000;
Oeuf pourri;Oeuf;3;01;18;2021;01;48;46;;399 kamas/u.;2 399;12 999;
Oeuf de Tofu;Oeuf;4;01;18;2021;01;48;50;;50 kamas/u.;59;590;3795
Oeuf d'Arakne Majeure;Oeuf;43;01;18;2021;01;48;54;;412 kamas/u.;4 990;;
Oeuf de Dragoeuf Noir;Oeuf;74;01;18;2021;01;48;58;;8210 kamas/u.;4 000;81999;899 999
Oeuf de Dragoeuf de Saphir;Oeuf;74;01;18;2021;01;49;02;;8512 kamas/u.;8 000;82 000;
Oeuf de Dragoeuf Doré;Oeuf;74;01;18;2021;01;49;06;;753 kamas/u.;1 475;5 800;90 000
;Oeuf;74;01;18;2021;01;49;09;;753 kamas/u.;1475;5 800;90 000
;Oeuf;74;01;18;2021;01;49;13;;753 kamas/u.;1 475;5 800;90 000
;Oeuf;74;01;18;2021;01;49;16;;753 kamas/u.;1475;5 800;90 000
;Oeuf;74;01;18;2021;01;49;20;;753 kamas/u.;1 475;5 800;90 000
;Oeuf;74;01;18;2021;01;49;23;;753 kamas/u.;1475;5 800;90 000
;Oeuf;74;01;18;2021;01;49;27;;753 kamas/u.;1 475;5 800;90 000
Oreille de Kolérat;Oreille;9;01;18;2021;01;49;35;;165 kamas/u.;;50;50 000
Oreilles du Tiwabbit;Oreille;11;01;18;2021;01;49;39;;1819 kamas/u.;999;18 000;187 000
Oreille de Porkass;Oreille;18;01;18;2021;01;49;43;;18 kamas/u.;yz;149;1 500
Oreilles de Loup;Oreille;19;01;18;2021;01;49;48;;638 kamas/u.;;9 998;51 800
Oreille de Cochon de Lait;Oreille;20;01;18;2021;01;49;52;;1 kamas/u.;;;aol
Oreille de Kanigrou;Oreille;70;01;18;2021;01;49;55;;204 kamas/u.;;4 500;15 900
;Oreille;70;01;18;2021;01;49;59;;204 kamas/u.;;4 500;15 900
;Oreille;70;01;18;2021;01;50;03;;204 kamas/u.;;4 500;15 900
;Oreille;70;01;18;2021;01;50;06;;204 kamas/u.;;4 500;15 900
;Oreille;70;01;18;2021;01;50;10;;204 kamas/u.;;4 500;15 900
;Oreille;70;01;18;2021;01;50;14;;204 kamas/u.;;4 500;15 900
;Oreille;70;01;18;2021;01;50;18;;204 kamas/u.;;4 500;15 900
Cubitus de Momie Koalak;;1;01;18;2021;01;50;26;;2127 kamas/u.;9 500;;180 000
Corne du Boufcoul;;1;01;18;2021;01;50;30;;2979 kamas/u.;;34 900;349 999
Os de Mama Koalak;;1;01;18;2021;01;50;34;;2170 kamas/u.;2 000;20 000;
Femur du Minotoror;;1;01;18;2021;01;50;39;;18614 kamas/u.;eee} }};350 000;
Femur de Koalak Farouche;;1;01;18;2021;01;50;42;;11886 kamas/u.;sWAteh}s};185 996;
Tibia de Koalak Fossoyeur;;1;01;18;2021;01;50;46;;1280 kamas/u.;2 800;12 996;109 999
Os de Pékeualak;;1;01;18;2021;01;50;50;;5115 kamas/u.;4790;47 998;465 000
Dent du Tofu Maléfique;;3;01;18;2021;01;50;54;;11 kamas/u.;19;250;500
Pince du Crabe;;4;01;18;2021;01;50;57;;719 kamas/u.;799;6 999;64 999
Bec du Tofu;;4;01;18;2021;01;51;01;;371 kamas/u.;379;2 450;19 000
Corne de Bouftou;;9;01;18;2021;01;51;05;;248 kamas/u.;4199;2 450;26 110
Sabot de Bouftou;;9;01;18;2021;01;51;09;;330 kamas/u.;150;2720;28 000
Dent de Serpentin;;10;01;18;2021;01;51;13;;901 kamas/u.;999;13 998;101 999
Défense du Sanglier;;14;01;18;2021;01;51;16;;286 kamas/u.;999;3 700;26 999
Dent Pointue;;15;01;18;2021;01;51;20;;58 kamas/u.;75;;6 000
Ongle de Chevaucheur de Karne;;16;01;18;2021;01;51;24;;2488 kamas/u.;2 299;26 996;247 900
Dent de Karne;;16;01;18;2021;01;51;28;;92 kamas/u.;;;2 220
Crane de chafer;;16;01;18;2021;01;51;32;;178 kamas/u.;110;1 099;10 000
Pic du Prespic;;18;01;18;2021;01;51;36;;213 kamas/u.;499;5 000;24 599
Sabot de Chef de Guerre Bouftou;;18;01;18;2021;01;51;40;;3384 kamas/u.;3 699;38 300;342 000
Corne de Chef de Guerre Bouftou;;19;01;18;2021;01;51;43;;3484 kamas/u.;2 999;35 000;345 995
Croc Jaune;;19;01;18;2021;01;51;48;;45 kamas/u.;;;200
Dent de Chef de Guerre Bouftou;;19;01;18;2021;01;51;51;;176 kamas/u.;119;700;17 400
Dent de Dragodinde;;20;01;18;2021;01;51;55;;486 kamas/u.;999;;59 999
Dent de Wabbit;;20;01;18;2021;01;51;59;;36 kamas/u.;;;1999
Os d'Ours;;22;01;18;2021;01;52;03;;1814 kamas/u.;999;;
Dent d'Ours;;22;01;18;2021;01;52;07;;3886 kamas/u.;2 999;;
Os Invisible du Chafer Invisible;;23;01;18;2021;01;52;11;;287 kamas/u.;ert);1 000;19 500
Bec du Kwak de Glace;;24;01;18;2021;01;52;14;;2526 kamas/u.;4 000;;
Bec du Kwak de Terre;;24;01;18;2021;01;52;18;;3313 kamas/u.;2799;45 555;599 999
Bec du Kwak de Flamme;;24;01;18;2021;01;52;22;;4494 kamas/u.;2 999;64 442;
Bec du Kwak du Vent;;24;01;18;2021;01;52;26;;2084 kamas/u.;4 500;60 000;
Pic de Dragodinde;;29;01;18;2021;01;52;29;;2159 kamas/u.;2 800;18 999;180 000
Pic de Dragodinde Rousse Sauvage;;29;01;18;2021;01;52;34;;455 kamas/u.;1 000;9 990;30 000
Dentier de Porkass;;30;01;18;2021;01;52;37;;110 kamas/u.;10;4 998;
Dent en Or du Craqueleur;;31;01;18;2021;01;52;41;;791 kamas/u.;800;;
Machoire de Rib;;33;01;18;2021;01;52;45;;196 kamas/u.;45;400;3995
Cotes du Rib;;33;01;18;2021;01;52;49;;707 kamas/u.;704;6 500;76 150
Femur du Chafer Archer;;34;01;18;2021;01;52;52;;1574 kamas/u.;4 000;44 999;
Colonne Vertebrale;;34;01;18;2021;01;52;56;;1814 kamas/u.;800;16 882;
Os de Chafer;;;01;18;2021;01;53;00;;183 kamas/u.;;3 000;20 000
Os Surprise du Chafer Fantassin;;;01;18;2021;01;53;04;;6518 kamas/u.;5 999;;
Pince de Scorbute;;36;01;18;2021;01;53;08;;1511 kamas/u.;499;18 899;147 999
Os de Crocodaille;;36;01;18;2021;01;53;12;;6088 kamas/u.;5 700;57 000;600 000
Dent de Crocodaille;;36;01;18;2021;01;53;15;;517 kamas/u.;399;4 500;48 000
Coccyx du Corailleur;;40;01;18;2021;01;53;20;;100 kamas/u.;;1 499;8 499
Cotes de Porkass;;40;01;18;2021;01;53;23;;761 kamas/u.;500;nBo ye do} );71 900
Pince de Crustorail;;40;01;18;2021;01;53;27;;934 kamas/u.;500;10 449;79 998
Dentier du Chafer d'élite;;43;01;18;2021;01;53;31;;500 kamas/u.;440;;
Fragment d'Os;;43;01;18;2021;01;53;35;;19139 kamas/u.;18 900;;
Sabot de Sanglier des Plaines;;44;01;18;2021;01;53;39;;3620 kamas/u.;;33 999;
Défense de Sanglier des Plaines;;44;01;18;2021;01;53;43;;818 kamas/u.;500;7 900;92 999
Corne de Dragoss Noir;;50;01;18;2021;01;53;47;;12468 kamas/u.;8 999;29 998;
Crocs de Rats;;50;01;18;2021;01;53;50;;13 kamas/u.;25;199;1997
Corne de Dragoss Doré;;50;01;18;2021;01;53;55;;2858 kamas/u.;295;4999;
Corne de Dragoss Blanc;;50;01;18;2021;01;53;58;;13854 kamas/u.;9 999;199 999;
Corne de Dragoss de Saphire;;50;01;18;2021;01;54;02;;1544 kamas/u.;1 000;15 000;
Dent magique de Cooleuvre;;67;01;18;2021;01;54;06;;6538 kamas/u.;3 900;37 999;
Dents de Chef Crocodaille;;69;01;18;2021;01;54;09;;935 kamas/u.;940;10 888;
Corne de Dragueuse;;70;01;18;2021;01;54;13;;171 kamas/u.;99;950;4 000
Canine du Mulou;;70;01;18;2021;01;54;17;;489 kamas/u.;450;;49 999
Crane de Chef Crocodaille;;70;01;18;2021;01;54;21;;7893 kamas/u.;3 999;44 998;
Vieil Os de Dragoeuf;;70;01;18;2021;01;54;24;;97455 kamas/u.;349 999;;
Corne de Dragoeuf Volant;;70;01;18;2021;01;54;29;;3037 kamas/u.;999;13 999;
Crane du Dragon Cochon;;70;01;18;2021;01;54;32;;4080 kamas/u.;989;15 555;
Ongle de Kanigrou;;70;01;18;2021;01;54;36;;62 kamas/u.;50;350;3 850
Défense de Dragon Cochon;;70;01;18;2021;01;54;40;;5677 kamas/u.;5 400;55 000;549 999
Corne de Dragoeuf Guerrier;;80;01;18;2021;01;54;43;;2687 kamas/u.;900;14 997;
Humeérus du Sparo;;80;01;18;2021;01;54;47;;7437 kamas/u.;3 950;67 499;499 999
Chicot du Flib;;80;01;18;2021;01;54;51;;201 kamas/u.;150;2 990;5 994
Bec du Kido;;80;01;18;2021;01;54;55;;3668 kamas/u.;2 499;37 000;469 997
Os de Fantome Tanukoui San;;100;01;18;2021;01;54;58;;10678 kamas/u.;14 500;198 996;
Os de Fantome Maho Firefoux;;100;01;18;2021;01;55;03;;5857 kamas/u.;2 900;66 000;
Os de Fant6me Yokai Firefoux;;100;01;18;2021;01;55;06;;1252 kamas/u.;250;8 000;
Os de FantOme Pandikaze;;100;01;18;2021;01;55;10;;268236 kamas/u.;263 999;2799 499;
Corne de Deminoboule;;100;01;18;2021;01;55;14;;1850 kamas/u.;1 800;9 200;122 222
Os de Fant6me Pandore;;100;01;18;2021;01;55;18;;36364 kamas/u.;18 000;200 000;
Corne de Mominotor;;100;01;18;2021;01;55;21;;27 kamas/u.;2 099;19 999;80 000
Os de Fant6me Pandule;;100;01;18;2021;01;55;25;;7900 kamas/u.;3 990;25 000;
Cubitus du Rat Noir;;100;01;18;2021;01;55;29;;26 kamas/u.;49;350;995
Os de Fantome Soryo Firefoux;;100;01;18;2021;01;55;33;;1074 kamas/u.;800;8 500;149 999
Dent de Rat Blanc;;100;01;18;2021;01;55;37;;3284 kamas/u.;3 000;10 000;
Os de FantOme Léopardo;;100;01;18;2021;01;55;40;;3108 kamas/u.;1 000;19 886;
Tibia du Guerrier Zoth;;120;01;18;2021;01;55;44;;8084 kamas/u.;14 500;84 299;780 000
Tibia du Guerrier Zoth;;120;01;18;2021;01;55;48;;8084 kamas/u.;14 500;84 299;780 000
Rotule du Disciple Zoth;;120;01;18;2021;01;55;52;;8515 kamas/u.;8 999;54 998;
Corne Brdlée du Minotoror;;125;01;18;2021;01;55;56;;5200 kamas/u.;7999;66 000;655 000
Sabot du Minotoror;;125;01;18;2021;01;56;00;;3138 kamas/u.;1999;9 998;99 999
Sacrum magistral;;150;01;18;2021;01;56;04;;649 kamas/u.;;ee) eT;30 000
Fémur de Sphincter Cell;;200;01;18;2021;01;56;07;;42667 kamas/u.;50 000;;
Corne brisée de Crocabulia;;400;01;18;2021;01;56;11;;20612 kamas/u.;19 000;100 000;
Femur du Minotot;;400;01;18;2021;01;56;14;;16587 kamas/u.;36 500;375 000;
Femur du Minotot;;400;01;18;2021;01;56;18;;16587 kamas/u.;36 500;375 000;
Corne du Minotot;;400;01;18;2021;01;56;22;;39954 kamas/u.;43 998;365 000;
, Sabot du Minotot;;400;01;18;2021;01;56;25;;9392 kamas/u.;6 000;64 998;
Dent de Crocabulia;;400;01;18;2021;01;56;29;;3163 kamas/u.;800;7 000;
Patte d'Arakne Magique;Patte;2;01;18;2021;01;56;37;;1598 kamas/u.;389;7998;
Patte d'Arakne;Patte;2;01;18;2021;01;56;41;;799 kamas/u.;700;8 000;79 865
Patte de Prespic;Patte;18;01;18;2021;01;56;45;;1340 kamas/u.;2 887;19 998;100 000
Patte de Wabbit;Patte;18;01;18;2021;01;56;50;;42 kamas/u.;;500;1 500
Papatte de Croc Gland;Patte;19;01;18;2021;01;56;54;;9 kamas/u.;;49;900
Patte de Scorbute;Patte;36;01;18;2021;01;56;57;;539 kamas/u.;500;3 000;51 499
Patte d'Arakne Majeure;Patte;39;01;18;2021;01;57;01;;36 kamas/u.;27;290;990
Patte d'Araknawa;Patte;43;01;18;2021;01;57;05;;107 kamas/u.;40;990;12 000
Patte d'Araknawa;Patte;43;01;18;2021;01;57;08;;107 kamas/u.;40;990;12 000
;Patte;43;01;18;2021;01;57;12;;107 kamas/u.;40;990;12 000
;Patte;43;01;18;2021;01;57;15;;107 kamas/u.;40;990;12 000
;Patte;43;01;18;2021;01;57;19;;107 kamas/u.;40;990;12 000
Peau de Maitre Koalak;Peau;1;01;18;2021;01;57;27;;3741 kamas/u.;4 900;49 999;
Peau de Piralak;Peau;1;01;18;2021;01;57;31;;17393 kamas/u.;16 799;180 000;1 600 000
Peau de Chevaucheur Koalak;Peau;1;01;18;2021;01;57;35;;232376 kamas/u.;291 999;3 000 000;
Peau de Krameéléhon;Peau;1;01;18;2021;01;57;40;;3698 kamas/u.;;39 990;388 999
Peau de Drakoalak;Peau;1;01;18;2021;01;57;44;;12506 kamas/u.;13 900;112 999;1 499 999
Peau de Mandrine;Peau;;01;18;2021;01;57;47;;1778 kamas/u.;;15 000;177 000
Peau de Koalak Immature;Peau;1;01;18;2021;01;57;51;;12221 kamas/u.;14 500;270 000;
Peau de Milimilou;Peau;1;01;18;2021;01;57;55;;734 kamas/u.;1 000;;
Peau de Minoskito;Peau;1;01;18;2021;01;57;59;;3150 kamas/u.;;28 000;320 000
Peau de Larve Bleue;Peau;2;01;18;2021;01;58;03;;1315 kamas/u.;;9 900;109 000
Peau de Larve Verte;Peau;7;01;18;2021;01;58;07;;3977 kamas/u.;3 000;34 900;400 000
Peau de Larve Verte Magique;Peau;7;01;18;2021;01;58;10;;6358 kamas/u.;2 499;54 999;
Peau de Larve Orange;Peau;9;01;18;2021;01;58;15;;1595 kamas/u.;1379;13 500;168 000
Ecaille poisseuse;Peau;10;01;18;2021;01;58;18;;952 kamas/u.;1 000;;109 900
Peau de Mob |'Eponge;Peau;10;01;18;2021;01;58;22;;9636 kamas/u.;ly;19 500;
Peau de serpentin;Peau;10;01;18;2021;01;58;26;;5250 kamas/u.;2972;49 000;500 000
Peau de Trukikol;Peau;12;01;18;2021;01;58;29;;6282 kamas/u.;6 398;78 999;799 499
Peau de Gobelin;Peau;16;01;18;2021;01;58;33;;962 kamas/u.;;30 000;
Peau de Kitsou Nae;Peau;19;01;18;2021;01;58;38;;1379 kamas/u.;2 000;8 888;127 777
Peau d'Ours;Peau;22;01;18;2021;01;58;41;;351 kamas/u.;1999;;
Ecaille de Crocodaille;Peau;36;01;18;2021;01;58;45;;3955 kamas/u.;Ctl);45 000;449 994
Peau de Crocodaille;Peau;36;01;18;2021;01;58;49;;1851 kamas/u.;1197;6 500;54 998
Peau de Pandikaze;Peau;40;01;18;2021;01;58;53;;13 kamas/u.;;50;1 490
Peau de Raul Mops;Peau;40;01;18;2021;01;58;56;;24367 kamas/u.;33 990;;
Peau de Léopardo;Peau;40;01;18;2021;01;59;01;;758 kamas/u.;399;1999;30 000
Peau de Chaman d'Egoutant;Peau;40;01;18;2021;01;59;04;;102 kamas/u.;80;844;10 299
Peau de Rat d'Egoutant;Peau;42;01;18;2021;01;59;08;;27 kamas/u.;30;289;2 000
Peau de Cochon de Farle;Peau;50;01;18;2021;01;59;12;;32 kamas/u.;;;1 000
Ecaille de Dragoss Noir;Peau;50;01;18;2021;01;59;16;;834 kamas/u.;1 000;18 995;140 000
Ecaille de Dragoss de Saphire;Peau;50;01;18;2021;01;59;19;;240 kamas/u.;198;1990;31999
Ecaille de Dragoss Blanc;Peau;50;01;18;2021;01;59;24;;429 kamas/u.;;3 999;50 000
Ecaille de Dragoss Doré;Peau;50;01;18;2021;01;59;27;;189 kamas/u.;148;1 500;39 000
Peau de Don Dorgan;Peau;60;01;18;2021;01;59;31;;171 kamas/u.;250;3 499;4 999
Peau de Don Duss Ang;Peau;60;01;18;2021;01;59;35;;94 kamas/u.;50;;1999
Peau de Kitsou Nakwa;Peau;60;01;18;2021;01;59;39;;293 kamas/u.;;2 800;28 886
Peau de Cooleuvre;Peau;67;01;18;2021;01;59;43;;2999 kamas/u.;2 444;35 000;
Peau de Chef Crocodaille;Peau;69;01;18;2021;01;59;47;;2193 kamas/u.;1 899;8 000;
Ecaille de Chef Crocodaille;Peau;69;01;18;2021;01;59;51;;22130 kamas/u.;20 099;219 555;2 400 000
Peau de Kanigrou;Peau;70;01;18;2021;01;59;54;;1366 kamas/u.;2 200;17 999;179 489
Peau de Dragoeuf Volant;Peau;70;01;18;2021;01;59;58;;19 kamas/u.;10;1 890;2 500
Peau de Dragueuse;Peau;;01;18;2021;02;00;02;;712 kamas/u.;;6 900;71 000
Peau de Kitsou Nere;Peau;80;01;18;2021;02;00;05;;264 kamas/u.;950;8 999;17 436
Peau de Dragoeuf Guerrier;Peau;80;01;18;2021;02;00;10;;410 kamas/u.;eRT;4 500;42 111
Peau de Tanukoui San;Peau;85;01;18;2021;02;00;13;;1820 kamas/u.;er};14 000;150 000
Peau du Rat Noir;Peau;100;01;18;2021;02;00;17;;96 kamas/u.;148;700;9 996
Peau de Pandule;Peau;100;01;18;2021;02;00;21;;6335 kamas/u.;5 799;58 798;445 000
Peau de Rat Blanc;Peau;100;01;18;2021;02;00;25;;7248 kamas/u.;7199;59 999;
Peau de Shin Larve;Peau;100;01;18;2021;02;00;28;;37200 kamas/u.;31111;349 000;
Peau de Bworkette;Peau;100;01;18;2021;02;00;32;;520 kamas/u.;500;;53 000
Peau de Maitre Pandore;Peau;100;01;18;2021;02;00;36;;34004 kamas/u.;27 999;;
Peau de Yokai Firefoux;Peau;110;01;18;2021;02;00;40;;6551 kamas/u.;isp }o});66 600;699 998
Peau de Yokai Firefoux;Peau;110;01;18;2021;02;00;44;;6551 kamas/u.;isp }o});66 600;699 998
Peau de Kitsou Nufeu;Peau;111;01;18;2021;02;00;48;;53 kamas/u.;249;4 898;3 800
Peau de Soryo Firefoux;Peau;130;01;18;2021;02;00;51;;8439 kamas/u.;8 499;;
Peau de Maho Firefoux;Peau;150;01;18;2021;02;00;56;;8367 kamas/u.;21 000;199 998;
Peau de Pandore;Peau;200;01;18;2021;02;00;59;;2600 kamas/u.;2752;35 000;
Peau de Sphincter Cell;Peau;200;01;18;2021;02;01;03;;77660 kamas/u.;99 999;;
Peau du Rasboul Majeur;Peau;250;01;18;2021;02;01;06;;6571 kamas/u.;5 600;55 000;
Peau de Bworker;Peau;400;01;18;2021;02;01;10;;8592 kamas/u.;7 500;79 998;
Peau de Bworker;Peau;400;01;18;2021;02;01;13;;8592 kamas/u.;7 500;79 998;
Peau de Skeunk;Peau;400;01;18;2021;02;01;17;;412362 kamas/u.;327 997;;
Peau de Crocabulia;Peau;400;01;18;2021;02;01;20;;1904 kamas/u.;600;25 000;60 000
Peau lacérée du Tynril;Peau;400;01;18;2021;02;01;24;;20768 kamas/u.;19 998;194 999;
Feuille de Kaliptus;Plante;1;01;18;2021;02;01;33;;284 kamas/u.;400;3 148;26 499
Langue du Pissenlit Diabolique;Plante;5;01;18;2021;02;01;37;;3663 kamas/u.;2 490;25 555;299 995
Tige de Pissenlit Diabolique;Plante;6;01;18;2021;02;01;41;;112 kamas/u.;199;1 249;8 500
Herbe Folle;Plante;9;01;18;2021;02;01;46;;111 kamas/u.;;;40 000
Feuille de Tournesol Sauvage;Plante;12;01;18;2021;02;01;49;;39 kamas/u.;;;2 450
Trefle a 5 feuilles;Plante;20;01;18;2021;02;01;53;;80 kamas/u.;90;700;7 500
Feuille de Fourbasse;Plante;22;01;18;2021;02;01;57;;987 kamas/u.;;14 900;97 900
Feuille de Menthe Sauvage;Plante;30;01;18;2021;02;02;01;;100 kamas/u.;89;;8 998
Feuille de Tronknyde;Plante;35;01;18;2021;02;02;05;;1102 kamas/u.;1 200;9 990;110 995
Bulbe Morito;Plante;40;01;18;2021;02;02;09;;644 kamas/u.;600;7 450;71 000
Bulbe Kouracao;Plante;40;01;18;2021;02;02;12;;87 kamas/u.;100;2 500;9 998
Bulbe Passaoh;Plante;40;01;18;2021;02;02;16;;751 kamas/u.;800;9 998;75 000
Feuille de Kokoko;Plante;42;01;18;2021;02;02;20;;268 kamas/u.;;4 999;24 497
Feuille de Bulbuisson;Plante;42;01;18;2021;02;02;24;;275 kamas/u.;299;2 399;29 999
Feuille de Bambouto;Plante;47;01;18;2021;02;02;28;;20 kamas/u.;17;;1 500
Feuille de Bambouto;Plante;47;01;18;2021;02;02;32;;20 kamas/u.;17;;1 500
Pousses de Bulbambou;Plante;;01;18;2021;02;02;35;;263 kamas/u.;;;20 000
Sépale de Nerbe;Plante;80;01;18;2021;02;02;39;;2078 kamas/u.;eel;10 000;99 995
Criniére fleurie;Plante;80;01;18;2021;02;02;43;;23964 kamas/u.;24 000;234 998;
Bractée de Chiendent;Plante;100;01;18;2021;02;02;47;;560 kamas/u.;200;19 990;74 495
Feuille de Blop Royal;Plante;100;01;18;2021;02;02;50;;533 kamas/u.;499;5 000;45 000
Calice de Fécorce;Plante;100;01;18;2021;02;02;54;;1939 kamas/u.;1 950;20 000;
Carpelle de Brouture;Plante;100;01;18;2021;02;02;58;;46 kamas/u.;ame;2 399;3 000
Carpelle de Brouture;Plante;100;01;18;2021;02;03;01;;46 kamas/u.;ame;2 399;3 000
Feuille de Bambouto Sacre;Plante;120;01;18;2021;02;03;05;;1163 kamas/u.;800;9 798;89 996
Feuille de Blop Multicolore Royal;Plante;150;01;18;2021;02;03;08;;265 kamas/u.;120;1 400;20 000
Pistil du Tynril;Plante;500;01;18;2021;02;03;12;;4347 kamas/u.;25 000;19 000;290 000
Plume de Corbac Apprivoisé;Plume;1;01;18;2021;02;03;21;;200 kamas/u.;20;1999;10 000
Plume de Buveur;Plume;1;01;18;2021;02;03;25;;2395 kamas/u.;2 300;29 997;
Plume du Serpiplume;Plume;1;01;18;2021;02;03;29;;661 kamas/u.;900;4 900;49 999
Plume de Piou Violet;Plume;1;01;18;2021;02;03;33;;1287 kamas/u.;1 360;;135 000
Plume de Piou Rose;Plume;1;01;18;2021;02;03;37;;1285 kamas/u.;1357;13 555;139 998
Plume de Piou Bleu;Plume;1;01;18;2021;02;03;41;;1251 kamas/u.;1 300;;129 997
Plume de Piou Jaune;Plume;1;01;18;2021;02;03;45;;1378 kamas/u.;1 350;13 999;139 993
Plume de Piou Vert;Plume;1;01;18;2021;02;03;48;;1270 kamas/u.;1 300;12 000;134 000
Plume de Tofu Maleéfique;Plume;3;01;18;2021;02;03;52;;674 kamas/u.;660;10 000;67 500
Plumes de Tofu;Plume;4;01;18;2021;02;03;56;;154 kamas/u.;119;;9 600
Plume de Corbac;Plume;20;01;18;2021;02;04;00;;385 kamas/u.;400;3 500;39 990
Plume du Batofu;Plume;20;01;18;2021;02;04;03;;3608 kamas/u.;3 333;49 999;
Plume du Batofu;Plume;20;01;18;2021;02;04;07;;3608 kamas/u.;3 333;49 999;
Plume du Kwak de Glace;Plume;;01;18;2021;02;04;11;;748 kamas/u.;;;69 499
Plume du Kwak de Flamme;Plume;24;01;18;2021;02;04;15;;5246 kamas/u.;500 000;59 999;599 999
Plume du Kwak de Terre;Plume;24;01;18;2021;02;04;19;;2735 kamas/u.;3 500;34 999;243 999
Plume Pointue de Kwak du Vent;Plume;24;01;18;2021;02;04;22;;144502 kamas/u.;255 555;;
Plume du Dernier Poolay;Plume;32;01;18;2021;02;04;26;;32380 kamas/u.;19 000;309 998;
Plume Graisseuse du Tofu Ventripotent;Plume;50;01;18;2021;02;04;29;;3985 kamas/u.;3 800;42 198;449 888
Plume de fesse du Kido;Plume;80;01;18;2021;02;04;33;;465 kamas/u.;300;8 900;45 000
Plume de fesse du Kido;Plume;80;01;18;2021;02;04;37;;465 kamas/u.;300;8 900;45 000
Plume de Tofu Royal;Plume;100;01;18;2021;02;04;40;;89370 kamas/u.;81 993;979 999;
Plume du Maitre Corbac;Plume;160;01;18;2021;02;04;44;;147176 kamas/u.;ats He }e Te;1 499 999;
Plume Vibrante du Tofu Royal;Plume;200;01;18;2021;02;04;47;;199576 kamas/u.;178 948;;
Poils de Koalak Reinette;Poil;1;01;18;2021;02;04;56;;1311 kamas/u.;490;9999;
Poils de Barbe du Warko Violet;Poil;1;01;18;2021;02;05;00;;14853 kamas/u.;13 999;129 998;
Poils de souris;Poil;1;01;18;2021;02;05;05;;633 kamas/u.;;;75 000
Poil de Péki;Poil;1;01;18;2021;02;05;09;;2722 kamas/u.;;29 496;295 000
Poils de Koalak Forestier;Poil;1;01;18;2021;02;05;13;;14633 kamas/u.;17 000;169 998;
Poil de Gamino;Poil;1;01;18;2021;02;05;16;;1360 kamas/u.;2 299;23 995;134 000
Poil de Renarbo;Poil;1;01;18;2021;02;05;21;;9618 kamas/u.;12 222;79 999;894 998
Poils de Koalak Koko;Poil;1;01;18;2021;02;05;24;;4480 kamas/u.;1999;;
Poils de Barbe du Warko Marron;Poil;1;01;18;2021;02;05;28;;20385 kamas/Uu.;29 499;224 498;
Poils de Koalak Griotte;Poil;1;01;18;2021;02;05;32;;3165 kamas/u.;22 999;249 999;
Poils de Black Tiwabbit;Poil;11;01;18;2021;02;05;35;;2181 kamas/u.;yy 7);24 433;174 999
Poils du Sanglier;Poil;14;01;18;2021;02;05;39;;139 kamas/u.;;8 799;11999
Poils Darits;Poil;;01;18;2021;02;05;44;;9933 kamas/u.;19 999;;
Poils de Wabbit;Poil;18;01;18;2021;02;05;47;;421 kamas/u.;Ce;4 399;37 000
Poils de Crocs Glands;Poil;19;01;18;2021;02;05;51;;63 kamas/u.;;699;5 000
Poils du Milimulou;Poil;22;01;18;2021;02;05;55;;346 kamas/u.;1 490;5 000;34 995
Poils d'Ours;Poil;22;01;18;2021;02;05;59;;1091 kamas/u.;1 000;;
Poils de Barbe du Bwork Mage;Poil;23;01;18;2021;02;06;02;;48 kamas/u.;100;449;3 500
Poils de Kitsou Nae;Poil;29;01;18;2021;02;06;06;;21493 kamas/u.;28 499;195 998;2 100 000
Poils de Barbe du Grand Pa Wabbit;Poil;39;01;18;2021;02;06;10;;2718 kamas/u.;2755;15 555;245 999
Poils de Wo Wabbit;Poil;39;01;18;2021;02;06;13;;2030 kamas/u.;1979;19 997;
Poils de Grand Pa Wabbit;Poil;39;01;18;2021;02;06;17;;1384 kamas/u.;1 500;23 500;99 987
Poil de Rat Bontarien;Poil;40;01;18;2021;02;06;21;;3672 kamas/u.;;39 989;
Poils de Pandikaze;Poil;40;01;18;2021;02;06;25;;362 kamas/u.;400;eR }}:3;33 500
Poil de Rat Brakmarien;Poil;40;01;18;2021;02;06;29;;3687 kamas/u.;4100;34 000;399 900
Poil de Chaman d'Egoutant;Poil;40;01;18;2021;02;06;33;;57 kamas/u.;999;900;2 000
Poil de Rat d'Egoutant;Poil;42;01;18;2021;02;06;36;;81 kamas/u.;99;997;8 997
Poil de Sanglier des Plaines;Poil;44;01;18;2021;02;06;41;;1185 kamas/u.;;11 800;
Poils de Léopardo;Poil;50;01;18;2021;02;06;44;;1260 kamas/u.;1 499;14 999;100 000
Poil d'Ouginak;Poil;51;01;18;2021;02;06;48;;548 kamas/u.;200;;59 999
Poils de Kitsou Nakwa;Poil;60;01;18;2021;02;06;52;;4697 kamas/u.;sya} )c};61 000;425 000
Poil de Kanigrou;Poil;70;01;18;2021;02;06;56;;246 kamas/u.;;1999;19 999
Poils du Mulou;Poil;70;01;18;2021;02;06;59;;69 kamas/u.;;289 999;
Touffe rousse du Flib;Poil;80;01;18;2021;02;07;04;;1078 kamas/u.;1199;12 047;135 000
Duvet du Kilibriss;Poil;80;01;18;2021;02;07;07;;52 kamas/u.;50;499;2 800
Poils de Kitsou Nere;Poil;80;01;18;2021;02;07;11;;3799 kamas/u.;4 599;37 700;374 999
Barbe inexistante du Barbroussa;Poil;80;01;18;2021;02;07;15;;2503 kamas/u.;3 999;28 597;245 998
Poils de Tanukoui San;Poil;85;01;18;2021;02;07;19;;6414 kamas/u.;;54 000;500 000
Poil du Wa Wabbit;Poil;100;01;18;2021;02;07;22;;2176 kamas/u.;1998;39 999;199 997
Poil de Mominotor;Poil;100;01;18;2021;02;07;27;;495 kamas/u.;1 000;3 998;46 000
Poil de Dragon Cochon;Poil;100;01;18;2021;02;07;30;;1240 kamas/u.;998;5555;90 000
Poil de Maitre Pandore;Poil;100;01;18;2021;02;07;34;;23449 kamas/u.;32 999;299 995;
